product_id,date,units_sold,price,competitor_price,inventory
512003783,1/21/2016,302.91,55.27,55.27,374
512003783,2/16/2016,156.35,55.27,55.27,374
512003783,2/28/2016,669.33,55.27,55.27,374
512003783,2/29/2016,376.2,55.27,55.27,213
512003783,3/4/2016,205.2,55.27,55.27,374
512003783,3/10/2016,205.2,55.27,55.27,352
512003783,3/12/2016,156.35,55.27,55.27,352
512003783,3/21/2016,156.35,55.27,55.27,367
512003783,3/29/2016,180.78,55.27,55.27,374
512003783,4/8/2016,156.35,55.27,55.27,308
512003783,4/29/2016,180.78,55.27,55.27,176
512003783,5/23/2016,156.35,55.27,55.27,374
512003783,5/26/2016,156.35,55.27,55.27,374
512003783,6/9/2016,156.35,55.27,55.27,205
512003783,6/17/2016,180.78,55.27,55.27,132
512003783,7/15/2016,400.63,55.27,50.23,249
512003783,7/16/2016,180.78,55.27,50.23,249
512003783,7/19/2016,376.2,55.27,50.23,110
512003783,8/14/2016,156.35,55.27,55.27,374
512003783,11/3/2016,260.63,49.12,49.12,374
512003783,2/4/2017,131.92,51.82,51.81,161
512003783,3/19/2017,155.46,57.82,57.81,102
512003783,3/30/2017,181.59,57.82,57.81,66
512003783,4/25/2017,157.58,57.82,57.81,367
512003783,5/21/2017,157.58,57.82,57.81,367
512014573,1/26/2016,170.07,83.65,83.64,110
512014573,2/20/2016,170.07,83.65,83.64,110
512014573,3/28/2016,170.07,83.65,131.85,102
512014573,4/9/2016,284.54,83.65,131.85,102
512014573,4/16/2016,170.07,83.65,131.85,88
512014573,8/16/2016,170.07,83.65,83.64,80
512014573,8/17/2016,170.07,83.65,83.64,73
512014573,8/18/2016,208.23,83.65,83.64,58
512014573,9/5/2016,170.07,83.65,83.64,66
512014573,9/7/2016,322.69,83.65,83.64,58
512014573,11/10/2016,170.07,83.65,83.64,44
512014573,11/13/2016,208.23,83.65,83.64,36
512014573,12/6/2016,170.07,83.65,83.64,44
512014573,12/10/2016,170.07,83.65,128.29,29
512014573,2/4/2017,161.93,66.82,65.8,29
512014573,3/3/2017,161.93,66.82,65.8,154
512014573,3/31/2017,159.74,68.7,65.8,154
512014573,4/23/2017,214.85,66.82,65.8,132
512014573,4/25/2017,184.56,66.82,65.8,102
512014573,4/29/2017,161.93,66.82,65.8,117
512014573,5/9/2017,161.93,66.82,65.8,124
512014573,5/10/2017,184.56,66.82,65.8,102
512014573,5/26/2017,161.93,66.82,66.05,110
512014573,6/1/2017,251.97,66.82,65.8,66
512014573,6/2/2017,237.23,66.82,65.8,22
512014573,6/11/2017,161.93,66.82,65.8,58
512014573,6/25/2017,191.94,66.82,65.8,44
512014573,7/10/2017,125.28,66.82,65.8,51
512014573,7/17/2017,191.94,66.82,65.8,29
512014573,9/1/2017,158.98,60.72,60.71,29
512317690,2/20/2016,140.26,22.02,22.52,205
512317690,3/7/2016,140.26,22.02,22.52,205
512317690,4/18/2016,169.26,17.65,22.52,198
512317690,5/18/2016,163.04,17.65,17.64,176
512317690,5/23/2016,144.37,17.65,17.64,124
512317690,6/7/2016,181.71,17.65,17.64,154
512317690,6/12/2016,156.82,17.65,17.64,44
512317690,6/27/2016,138.14,17.65,17.64,88
512317690,6/28/2016,138.14,17.65,17.64,73
512317690,7/1/2016,144.37,17.65,17.64,66
512317690,7/10/2016,138.14,17.65,17.64,73
512317690,8/16/2016,144.37,17.65,17.64,88
512317690,8/22/2016,138.14,17.65,17.64,66
512317695,4/14/2016,154.5,28.12,45.4,337
512317695,5/2/2016,244.83,28.12,45.4,264
512317695,5/29/2016,154.5,28.12,28.12,51
512317695,6/2/2016,188.38,28.12,28.12,29
512317695,7/6/2016,177.09,28.12,28.12,367
512317695,7/23/2016,,28.12,28.12,352
512317695,11/3/2016,165.79,28.12,45.4,117
512317695,12/19/2016,142.1,25.83,25.83,102
512317695,3/14/2017,196.72,27.1,45.4,29
512317695,3/23/2017,143.78,29.29,45.4,36
512317695,5/8/2017,140.09,29.29,45.4,124
512317695,5/24/2017,144.39,30.56,30.56,73
512317695,6/1/2017,156.86,30.56,30.56,58
512317697,2/17/2016,157.8,18.15,17.95,374
512317697,3/25/2016,157.8,18.15,17.95,374
512317697,6/9/2016,151.33,18.15,17.95,315
512317697,8/22/2016,138.39,18.15,17.89,301
512317697,11/15/2016,176.52,17.95,17.34,0
512317697,5/12/2017,165.43,16.32,16.32,330
512317697,5/17/2017,171.01,16.32,17.95,279
512317697,8/7/2017,157.41,17.95,17.95,345
512317702,4/29/2016,183.97,31.68,58.02,124
512317702,6/21/2016,196.99,31.68,58.02,66
512317718,7/29/2016,513.22,44.19,44.18,374
512317718,9/26/2016,150.99,44.19,44.18,80
512317718,10/16/2016,265.38,44.19,44.18,73
512317718,11/17/2016,151.58,45.41,45.4,367
512317718,12/13/2016,269.51,45.41,45.4,374
512317718,4/8/2017,171.23,45.41,45.4,359
512317718,7/12/2017,151.58,45.41,45.4,132
512317722,4/13/2016,156.18,29.85,85.12,213
512317722,6/5/2016,156.18,29.85,88.73,205
512317722,9/19/2016,514.2,31.12,52.62,264
512317722,12/7/2016,259.35,31.12,31.12,132
512317722,2/23/2017,259.35,31.12,98.7,301
512317722,3/27/2017,295.58,31.12,98.7,271
512317722,4/10/2017,754.32,31.12,94.02,0
512317722,7/4/2017,157.41,31.12,105.25,88
512317722,7/5/2017,272.09,31.12,105.25,0
512317726,1/20/2016,144.59,30.97,30.96,198
512317726,1/26/2016,182.6,30.97,30.96,161
512317726,1/30/2016,169.93,30.97,30.96,183
512317726,2/12/2016,157.26,30.97,30.96,168
512317726,7/19/2016,182.6,30.97,30.96,374
512317726,11/29/2016,157.26,30.97,30.96,161
512317726,1/25/2017,144.59,30.97,30.96,80
512317726,3/22/2017,157.26,30.97,24.15,337
512317726,6/29/2017,144.59,30.97,30.96,264
512317726,7/4/2017,144.59,30.97,30.96,176
512317726,7/14/2017,144.59,30.97,30.96,132
512317733,3/25/2016,,33.71,60.91,374
512317733,4/2/2016,145.92,33.71,33.71,374
512317733,4/9/2016,187.91,33.71,59.13,367
512317733,4/13/2016,243.9,33.71,59.13,345
512317733,4/15/2016,201.91,33.71,59.13,293
512317733,4/26/2016,803.8,33.71,59.13,374
512317733,5/18/2016,271.89,33.71,33.71,374
512317733,5/25/2016,257.9,33.71,33.71,374
512317733,6/8/2016,271.89,33.71,33.71,374
512317733,7/22/2016,173.91,33.71,33.71,374
512317733,8/6/2016,187.91,33.71,33.71,374
512317733,8/14/2016,159.91,33.71,33.71,374
512317733,8/16/2016,271.89,33.71,33.71,359
512317733,8/20/2016,145.92,33.71,33.71,301
512317733,8/23/2016,411.87,33.71,33.71,367
512317733,8/26/2016,271.89,33.71,33.71,220
512317733,8/29/2016,201.91,33.71,33.71,154
512317733,9/15/2016,467.86,33.71,33.71,323
512317733,9/29/2016,355.88,33.71,33.71,124
512317733,10/23/2016,271.89,33.71,62.9,44
512317733,10/29/2016,187.91,33.71,63.56,301
512317733,11/2/2016,145.92,33.71,33.71,271
512317733,12/5/2016,243.9,33.71,33.71,374
512317733,1/5/2017,145.92,33.71,33.71,374
512317733,1/22/2017,159.91,33.71,33.71,374
512317733,2/22/2017,145.18,33.71,33.71,359
512317733,4/4/2017,279.03,35.19,59.13,301
512317733,4/11/2017,249.61,35.19,35.18,315
512317733,4/22/2017,146.63,35.19,35.18,367
512317733,5/6/2017,146.63,35.19,35.18,367
512317735,7/25/2016,163.06,36.97,35.79,374
512317739,2/26/2016,164.32,27.1,29.13,374
512317739,4/21/2016,143.26,28.22,28.22,374
512317739,4/25/2016,143.26,28.22,28.22,367
512317739,8/6/2016,154.6,28.22,28.22,374
512317739,8/27/2016,154.6,28.22,28.22,374
512317739,8/28/2016,199.96,28.22,28.22,359
512317739,9/16/2016,222.64,28.22,28.22,374
512317739,11/16/2016,154.31,27.92,27.91,146
512317739,12/1/2016,179.05,29.14,29.13,293
512317739,12/31/2016,179.05,29.14,29.13,374
512317739,1/27/2017,155.49,29.14,29.13,359
512317739,3/29/2017,235.02,29.14,29.13,301
512317739,4/1/2017,202.62,29.14,29.13,257
512317739,4/7/2017,249.75,29.14,29.13,301
512317739,4/13/2017,,29.14,29.13,323
512317739,5/9/2017,143.7,29.14,29.13,0
512317739,5/28/2017,307.29,29.14,29.13,242
512317739,6/10/2017,155.49,29.14,29.13,264
512317739,6/17/2017,155.49,29.14,29.13,257
512317739,7/23/2017,155.49,29.14,29.13,183
512317739,7/26/2017,167.27,29.14,29.13,176
512317739,7/29/2017,138.81,29.14,29.13,154
512317739,8/12/2017,226.19,29.14,29.13,117
512317739,8/15/2017,179.05,29.14,29.13,58
512317739,8/25/2017,179.05,29.14,29.13,102
512317739,10/19/2017,352.85,29.14,29.13,227
512317739,10/29/2017,143.7,29.14,29.13,367
512317739,11/23/2017,155.49,29.14,29.13,359
512317744,2/2/2016,152.53,26.09,26.08,146
512317744,3/14/2016,152.19,25.73,25.73,58
512317753,2/22/2016,186.93,33.21,33.2,374
512317753,4/7/2016,406.95,33.21,33.2,337
512317753,4/8/2016,145.67,33.21,33.2,95
512317753,8/5/2016,145.67,33.21,33.2,51
512317753,8/7/2016,173.17,33.21,33.2,36
512317753,9/5/2016,145.67,33.21,39.3,374
512317753,9/11/2016,160.8,34.63,39.3,374
512317753,9/22/2016,283.7,36.15,39.3,374
512317753,10/23/2016,147.1,36.15,36.15,271
512317753,2/2/2017,147.86,37.73,39.3,117
512317753,3/9/2017,165.33,39.31,39.3,58
512317753,3/11/2017,148.62,39.31,39.3,51
512317753,4/30/2017,317.63,39.31,37.57,51
512317753,7/18/2017,165.33,39.31,39.3,0
512317753,11/20/2017,300.92,39.31,39.3,293
512319120,11/3/2016,159.79,62.39,62.39,242
512319120,9/20/2017,143.33,43.58,28.01,29
512319122,2/9/2016,170.27,84.06,84.05,66
512319122,2/25/2016,208.62,84.06,84.05,183
512319122,3/27/2016,170.27,84.06,84.05,242
512319122,8/5/2016,252.73,88.02,88.02,124
512319122,9/27/2016,252.73,88.02,88.02,58
512319122,10/29/2016,172.19,88.02,139.99,73
512319122,1/6/2017,212.46,88.02,113.44,359
512319122,1/14/2017,174.21,92.19,113.44,352
512319122,3/13/2017,176.32,96.56,96.56,161
512319122,3/29/2017,309.53,96.56,96.56,132
512319122,4/12/2017,176.32,96.56,96.56,117
512319122,4/24/2017,301.56,96.56,96.56,51
512319126,2/9/2016,192.76,130.53,133.17,132
512319126,3/19/2016,192.76,130.53,130.53,66
512319126,3/26/2016,192.76,130.53,130.53,66
512319126,6/17/2016,192.76,130.53,130.53,117
512319126,7/20/2016,314.43,130.53,130.53,88
512319126,8/5/2016,192.76,130.53,130.53,58
512319126,8/26/2016,166.53,76.33,131.59,337
512319126,9/7/2016,166.53,76.33,76.32,337
512319126,9/14/2016,166.53,76.33,76.32,330
512319126,9/19/2016,235.76,76.33,69.35,323
512319126,9/27/2016,235.76,76.33,76.32,293
512319126,10/17/2016,178.83,101.75,91.47,168
512319126,10/22/2016,169.95,83.39,83.44,58
512319126,10/26/2016,169.95,83.39,83.44,51
512319126,10/27/2016,169.95,83.39,83.44,51
512319126,10/29/2016,169.95,83.39,83.44,36
512319126,1/5/2017,192.53,67.43,67.42,374
512319126,1/6/2017,374.38,67.43,67.42,359
512319126,1/14/2017,162.23,67.43,67.42,301
512319126,1/25/2017,222.84,67.43,67.42,242
512319126,1/29/2017,162.23,67.43,67.42,235
512319126,2/4/2017,162.23,67.43,67.42,249
512319126,2/8/2017,253.15,67.43,67.42,227
512319126,2/19/2017,162.23,67.43,67.42,124
512319126,3/3/2017,374.38,67.43,67.42,0
512319126,3/10/2017,217.04,67.43,67.42,73
512319126,3/13/2017,219.15,67.43,67.42,36
512319126,3/22/2017,162.23,67.43,67.42,66
512319126,3/27/2017,245.18,67.43,67.42,22
512319126,3/29/2017,222.84,67.43,67.42,0
512319126,4/2/2017,162.23,67.43,67.42,14
512319126,4/6/2017,162.23,67.43,67.42,36
512319126,4/10/2017,192.53,67.43,67.42,22
512319126,4/23/2017,162.23,67.43,67.42,117
512319126,4/24/2017,245.15,67.43,67.42,88
512319126,4/27/2017,131.92,67.43,67.42,44
512319126,4/28/2017,,67.43,67.42,66
512319126,5/5/2017,192.53,67.43,67.42,88
512319126,6/2/2017,162.23,67.43,67.42,95
512319126,6/14/2017,162.23,67.43,67.42,88
512319126,6/15/2017,434.99,67.43,67.42,0
512319126,6/21/2017,162.23,67.43,67.42,29
512319126,6/27/2017,162.23,67.43,67.42,29
512319126,6/28/2017,162.23,67.43,67.42,0
512319126,10/21/2017,171.97,87.36,131.85,139
512319126,11/22/2017,163.75,70.58,87.36,95
512319128,4/5/2016,390.81,93.97,93.97,176
512319128,5/9/2016,390.81,93.97,93.97,154
512319128,8/12/2016,218.22,93.97,93.97,58
512319128,8/17/2016,313.17,98.45,136.99,36
512319128,8/26/2016,322.32,103.17,128.54,183
512319128,10/26/2016,281.88,108.11,108.1,124
512319128,11/7/2016,574.72,106.48,103.47,117
512319128,12/6/2016,165.06,73.27,73.27,66
512319128,12/8/2016,297.6,73.27,99.71,58
512319128,2/8/2017,184.42,113.29,135.71,146
512319128,2/14/2017,184.42,113.29,113.29,139
512319128,2/26/2017,182.99,113.29,113.29,139
512319128,5/18/2017,158.86,60.46,60.46,124
512319128,6/24/2017,158.02,62.14,87.56,102
512319128,7/18/2017,171.97,87.56,87.56,95
512319128,7/21/2017,171.97,87.56,87.56,88
512319128,10/24/2017,352.43,118.73,118.73,0
512319128,11/26/2017,187.12,122.7,122.7,257
512319129,4/5/2016,335.31,74.85,74.85,264
512319129,5/9/2016,335.31,74.85,74.85,242
512319129,8/17/2016,318.76,82.02,128.85,146
512319129,8/19/2016,206.65,82.02,128.85,80
512319129,8/26/2016,210.39,85.89,128.85,95
512319129,10/26/2016,249.63,85.89,85.88,88
512319129,11/7/2016,485.05,85.89,85.88,73
512319129,12/6/2016,248.82,65.19,65.18,36
512319129,2/8/2017,168.03,79.43,79.42,205
512319129,2/26/2017,166.61,79.43,75.66,198
512319129,5/18/2017,171.03,85.63,102.41,191
512319129,5/30/2017,173.13,89.95,111.05,183
512319129,6/24/2017,173.59,94.23,94.22,161
512319129,7/5/2017,175.19,94.23,94.22,161
512319129,7/21/2017,177.36,98.7,98.7,154
512319129,10/23/2017,177.36,98.7,98.7,29
512319129,10/24/2017,313.66,98.7,98.7,0
512319130,2/18/2016,690.17,109.68,106.63,257
512319130,4/12/2016,236.47,112.84,112.83,198
512319130,6/7/2016,197.8,74.34,64.42,168
512319130,6/11/2016,527.19,72.87,64.42,146
512319130,6/17/2016,263.68,72.87,45,117
512319130,2/28/2017,179.69,113.7,113.7,264
512319130,7/29/2017,317.92,108.51,108.51,66
512319130,8/26/2017,178.41,108.51,108.51,161
512319130,8/27/2017,424.07,108.51,107.59,117
512319130,10/9/2017,219.91,99.51,93.61,124
512319130,10/30/2017,170.39,99.51,99.51,88
512319130,11/5/2017,174.36,92.5,90.1,80
512319131,2/18/2016,470.91,74.85,74.85,301
512319131,4/12/2016,267.52,74.85,74.85,249
512319131,6/11/2016,538.71,74.85,74.85,227
512319131,6/17/2016,267.52,74.85,74.85,176
512319131,7/12/2016,165.82,74.85,74.85,132
512319131,7/31/2016,165.82,74.85,74.85,44
512319131,8/18/2016,165.82,74.85,74.85,102
512319131,2/28/2017,193.3,78.36,78.36,337
512319131,3/29/2017,167.52,78.36,78.36,337
512319131,5/3/2017,155.63,53.8,37.52,227
512319131,6/29/2017,166.8,76.89,76.88,227
512319131,7/26/2017,166.19,75.61,75.61,205
512319131,7/27/2017,166.19,75.61,75.61,168
512319131,8/18/2017,200.46,75.61,75.61,154
512319131,8/26/2017,162.5,75.61,75.61,161
512319131,8/27/2017,328.67,75.61,75.61,117
512319131,10/8/2017,165.15,73.48,73.47,124
512319131,10/9/2017,165.15,73.48,73.47,117
512319131,10/13/2017,342.15,71.39,71.39,73
512319131,11/21/2017,,71.39,122.7,0
512319135,1/28/2016,359.74,57.1,55.57,293
512319135,7/8/2016,157.23,57.1,80.95,330
512319135,7/18/2016,157.23,57.1,57.1,337
512319135,8/1/2016,157.23,57.1,57.1,257
512319135,8/8/2016,511.62,57.1,57.1,257
512319135,8/28/2016,157.23,57.1,57.1,235
512319135,9/29/2016,157.23,57.1,57.1,191
512319135,10/20/2016,157.23,57.1,57.1,161
512319135,10/30/2016,245.82,57.1,57.1,110
512319135,12/11/2016,189.78,44.65,44.64,95
512319135,12/17/2016,151.21,44.65,44.64,80
512319135,12/20/2016,148.3,44.65,44.64,73
512319135,12/21/2016,228.35,44.65,43.52,66
512319135,12/29/2016,147.54,37.07,43.47,22
512319135,1/1/2017,150.64,43.48,41.39,44
512319141,7/7/2016,206.8,159.57,46.98,205
512319141,7/8/2016,206.8,159.57,46.98,191
512319143,2/15/2016,316.35,131.85,131.85,301
512319143,2/28/2016,193.4,131.85,131.85,264
512319143,3/9/2016,325.57,138.21,131.85,242
512319143,3/19/2016,325.57,138.21,138.21,183
512319143,3/22/2016,325.57,138.21,138.21,176
512319143,3/31/2016,196.47,138.21,138.21,168
512319143,4/7/2016,261.02,138.21,138.21,146
512319143,4/13/2016,390.12,138.21,138.21,95
512319143,4/14/2016,325.57,138.21,138.21,80
512319143,4/19/2016,261.02,138.21,138.21,36
512319143,5/6/2016,196.47,138.21,138.21,36
512319143,5/7/2016,261.02,138.21,138.21,29
512319143,5/10/2016,196.47,138.21,138.21,191
512319143,6/4/2016,196.47,138.21,138.21,88
512319143,6/10/2016,325.57,138.21,138.21,51
512319143,6/28/2016,325.57,138.21,208.89,0
512319143,7/2/2016,199.72,144.92,208.33,117
512319143,7/11/2016,546.97,147.77,147.77,88
512319143,7/25/2016,199.03,143.5,211.43,36
512319143,8/1/2016,567.78,154.94,211.73,88
512319143,8/2/2016,204.56,154.94,211.73,88
512319143,8/15/2016,203.24,152.19,222.57,66
512319143,8/19/2016,262.64,139.89,139.88,124
512319143,8/20/2016,197.28,139.89,139.88,110
512319143,8/26/2016,197.28,139.89,139.88,102
512319143,9/1/2016,458.73,139.89,139.88,95
512319143,9/20/2016,197.28,139.89,139.88,205
512319143,9/25/2016,197.28,139.89,139.88,257
512319143,9/27/2016,197.28,139.89,139.88,249
512319143,9/28/2016,197.28,139.89,139.88,242
512319143,10/2/2016,197.28,139.89,139.88,235
512319143,10/3/2016,197.28,139.89,139.88,227
512319143,10/7/2016,197.28,139.89,139.88,213
512319143,10/17/2016,197.28,139.89,139.88,205
512319143,10/18/2016,197.28,139.89,139.88,198
512319143,10/22/2016,197.28,139.89,211.68,191
512319143,10/23/2016,458.73,139.89,139.88,191
512319143,10/24/2016,197.28,139.89,139.88,146
512319143,11/7/2016,262.64,139.89,139.88,198
512319143,11/14/2016,328.01,139.89,139.88,183
512319143,11/19/2016,262.64,139.89,139.88,161
512319143,11/22/2016,393.37,139.89,139.88,132
512319143,11/29/2016,393.37,139.89,139.88,117
512319143,12/5/2016,197.28,139.89,139.88,146
512319143,12/9/2016,393.37,139.89,139.88,139
512319143,1/16/2017,197.28,139.89,139.88,220
512319143,1/20/2017,654.82,139.89,139.88,213
512319143,1/21/2017,197.28,139.89,139.88,154
512319143,1/22/2017,262.64,139.89,139.88,154
512319143,1/23/2017,197.28,139.89,139.88,154
512319143,1/27/2017,328.01,139.89,139.88,110
512319143,2/3/2017,197.28,139.89,139.88,161
512319143,2/19/2017,257.53,139.89,139.88,176
512319143,2/22/2017,449.53,139.89,139.88,168
512319143,2/25/2017,589.46,139.89,139.88,117
512319143,3/1/2017,190.22,140.55,139.88,139
512319143,3/5/2017,197.6,140.55,139.88,132
512319143,3/6/2017,193.94,140.55,139.88,124
512319143,3/19/2017,255.9,140.55,181.28,257
512319143,3/28/2017,197.13,154.79,181.28,359
512319143,3/31/2017,197.11,154.79,181.28,352
512319143,4/7/2017,428.45,162.47,162.46,323
512319143,4/17/2017,197.28,156.62,162.46,315
512319143,4/18/2017,196.79,139.89,162.46,308
512319143,4/20/2017,841.83,154.13,162.46,235
512319143,4/22/2017,269.07,154.13,154.12,220
512319143,4/23/2017,406.19,154.13,154.12,191
512319143,4/24/2017,201.71,154.13,154.12,168
512319143,4/26/2017,181.83,154.13,154.12,176
512319143,5/6/2017,550.61,152.19,152.19,308
512319143,5/7/2017,259.82,152.19,152.19,293
512319143,5/8/2017,195.86,152.19,152.19,286
512319143,5/11/2017,757.47,152.19,152.19,220
512319143,5/13/2017,195.86,152.19,152.19,213
512319143,5/15/2017,748.45,152.19,152.19,176
512319143,5/16/2017,274.55,152.19,152.19,161
512319143,5/18/2017,195.88,152.19,152.19,183
512319143,5/22/2017,188.5,152.19,152.19,176
512319143,5/24/2017,198.32,152.19,152.19,227
512319143,5/26/2017,195.86,152.19,152.19,220
512319143,5/28/2017,203.24,152.19,152.19,359
512319143,6/1/2017,331.13,152.19,152.19,337
512319143,6/2/2017,203.24,152.19,152.19,330
512319143,6/3/2017,203.24,152.19,152.19,323
512319143,6/4/2017,195.88,152.19,152.19,315
512319143,6/8/2017,259.82,152.19,152.19,418
512319143,6/26/2017,195.88,152.19,152.19,440
512319143,7/3/2017,195.86,152.19,152.19,433
512319143,7/8/2017,267.2,152.19,152.19,418
512319143,7/17/2017,195.86,152.19,152.19,411
512319143,7/19/2017,195.86,152.19,152.19,433
512319143,7/23/2017,259.82,152.19,152.19,418
512319143,7/27/2017,190.66,141.41,152.19,411
512319143,7/28/2017,198.02,141.41,152.19,403
512319143,8/1/2017,256.77,141.41,182.39,389
512319143,8/4/2017,198.02,141.41,182.39,381
512319143,8/5/2017,190.64,141.41,182.39,374
512319143,8/8/2017,537.13,147.77,182.39,330
512319143,8/9/2017,262.92,147.77,182.39,315
512319143,8/10/2017,201.1,147.77,182.39,308
512319143,8/11/2017,331.77,147.77,182.39,286
512319143,8/13/2017,201.1,147.77,182.39,279
512319143,8/22/2017,193.74,147.77,147.77,271
512319143,9/7/2017,193.72,147.77,147.77,403
512319143,9/15/2017,255.56,147.77,147.77,389
512319143,9/23/2017,193.72,147.77,147.77,411
512319143,10/16/2017,193.72,147.77,147.77,403
512319143,10/19/2017,321.02,147.77,147.77,381
512319143,10/21/2017,201.1,147.77,147.77,374
512319143,10/28/2017,201.1,147.77,147.77,367
512319143,11/2/2017,193.74,147.77,147.77,359
512319143,11/8/2017,201.1,147.77,147.77,381
512319143,11/13/2017,201.1,147.77,147.77,374
512319143,11/20/2017,270.27,147.77,147.77,359
512319143,11/21/2017,193.72,147.77,147.77,352
512319143,11/22/2017,201.1,147.77,147.77,345
512319143,11/27/2017,187.59,147.77,147.77,337
512319143,12/5/2017,393.89,147.77,147.77,308
512319144,2/28/2016,205.38,156.62,156.61,337
512319144,3/9/2016,352.29,156.62,156.61,330
512319144,3/19/2016,278.83,156.62,156.61,308
512319144,3/22/2016,278.83,156.62,156.61,301
512319144,3/29/2016,205.38,156.62,156.61,242
512319144,3/31/2016,197.28,139.89,156.61,227
512319144,4/3/2016,197.28,139.89,156.61,220
512319144,4/7/2016,269.19,146.65,156.61,183
512319144,4/13/2016,406.46,146.65,146.65,124
512319144,4/14/2016,337.82,146.65,146.65,110
512319144,5/6/2016,198.49,142.38,142.38,58
512319144,5/7/2016,265.06,142.38,142.38,51
512319144,5/10/2016,198.49,142.38,142.38,14
512319144,5/30/2016,201.81,149.24,186.06,279
512319144,6/4/2016,205.3,156.47,149.24,183
512319144,6/16/2016,563.8,153.57,149.24,161
512319144,6/18/2016,203.9,153.57,149.24,73
512319144,6/28/2016,347.86,153.57,153.56,117
512319144,7/2/2016,203.9,153.57,153.56,66
512319144,7/17/2016,197.28,139.89,153.56,117
512319144,7/19/2016,328.01,139.89,153.56,110
512319144,7/20/2016,201.1,147.77,153.56,73
512319144,8/1/2016,962.02,147.77,147.77,0
512319144,8/8/2016,962.02,147.77,147.77,0
512319144,8/9/2016,201.1,147.77,147.77,14
512319144,8/19/2016,483.63,139.89,147.77,213
512319144,8/21/2016,197.28,139.89,147.77,168
512319144,9/1/2016,408.62,147.77,147.77,161
512319144,9/7/2016,201.1,147.77,147.77,132
512319144,9/12/2016,408.62,147.77,147.77,124
512319144,9/19/2016,201.1,147.77,147.77,95
512319144,10/1/2016,201.1,147.77,147.77,176
512319144,10/2/2016,270.27,147.77,147.77,168
512319144,10/3/2016,201.1,147.77,147.77,146
512319144,10/7/2016,201.1,147.77,147.77,146
512319144,10/17/2016,201.1,147.77,147.77,227
512319144,10/18/2016,201.1,147.77,147.77,220
512319144,10/23/2016,477.8,147.77,147.77,213
512319144,10/30/2016,201.1,147.77,201.36,264
512319144,11/7/2016,339.45,147.77,147.77,257
512319144,11/14/2016,201.1,147.77,147.77,235
512319144,11/19/2016,262.64,139.89,139.88,227
512319144,11/22/2016,393.37,139.89,139.88,198
512319144,11/25/2016,262.64,139.89,139.88,168
512319144,11/29/2016,262.64,139.89,139.88,154
512319144,12/5/2016,,139.89,139.88,139
512319144,12/9/2016,393.37,139.89,139.88,132
512319144,12/12/2016,197.28,139.89,139.88,102
512319144,1/18/2017,197.28,139.89,139.88,359
512319144,1/20/2017,654.82,139.89,139.88,352
512319144,1/22/2017,328.01,139.89,139.88,293
512319144,1/23/2017,197.28,139.89,139.88,293
512319144,1/27/2017,328.01,139.89,139.88,242
512319144,1/28/2017,197.28,139.89,139.88,235
512319144,2/19/2017,320.33,139.89,139.88,447
512319144,2/22/2017,449.51,139.89,139.88,411
512319144,2/25/2017,589.46,139.89,139.88,359
512319144,3/1/2017,189.93,139.89,139.88,381
512319144,3/3/2017,197.28,139.89,139.88,374
512319144,3/5/2017,262.64,139.89,139.88,359
512319144,3/6/2017,193.59,139.89,139.88,352
512319144,3/13/2017,197.28,139.89,139.88,345
512319144,3/19/2017,255.29,139.89,139.88,418
512319144,3/28/2017,189.9,139.89,139.88,411
512319144,3/31/2017,189.93,139.89,139.88,403
512319144,4/3/2017,197.28,139.89,139.88,396
512319144,4/7/2017,384.78,139.89,139.88,367
512319144,4/18/2017,189.93,139.89,139.88,389
512319144,4/20/2017,772.95,139.89,139.88,315
512319144,4/22/2017,255.26,139.89,139.88,301
512319144,4/23/2017,378.63,139.89,139.88,271
512319144,4/24/2017,571.65,139.89,139.88,205
512319144,4/25/2017,771.79,139.89,139.88,146
512319144,4/26/2017,175.88,139.89,139.88,139
512319144,4/27/2017,247.91,139.89,139.88,124
512319144,5/6/2017,449.51,139.89,139.88,176
512319144,5/8/2017,305.92,139.89,139.88,213
512319144,5/11/2017,703.89,139.89,139.88,352
512319144,5/12/2017,197.28,139.89,139.88,345
512319144,5/13/2017,320.65,139.89,139.88,323
512319144,5/15/2017,503.97,139.89,139.88,308
512319144,5/16/2017,197.28,139.89,139.88,301
512319144,5/18/2017,305.89,139.89,139.88,279
512319144,5/19/2017,197.28,139.89,139.88,330
512319144,5/20/2017,197.28,139.89,139.88,323
512319144,5/24/2017,192.36,139.89,139.88,345
512319144,5/25/2017,197.28,139.89,139.88,367
512319144,5/26/2017,189.93,139.89,139.88,359
512319144,6/3/2017,197.28,139.89,139.88,528
512319144,6/4/2017,189.9,139.89,139.88,513
512319144,6/11/2017,197.28,139.89,139.88,660
512319144,6/12/2017,197.28,139.89,139.88,660
512319144,6/15/2017,197.28,139.89,139.88,675
512319144,6/24/2017,197.28,139.89,139.88,668
512319144,6/26/2017,189.9,139.89,139.88,660
512319144,7/3/2017,189.93,139.89,139.88,653
512319144,7/8/2017,255.26,139.89,139.88,668
512319144,7/17/2017,189.93,139.89,139.88,660
512319144,7/19/2017,189.93,139.89,139.88,580
512319144,7/20/2017,197.28,139.89,139.88,572
512319144,7/25/2017,197.28,139.89,139.88,565
512319144,7/27/2017,188.72,139.89,139.88,558
512319144,8/1/2017,252.9,137.45,137.44,543
512319144,8/3/2017,309.73,137.45,177.26,521
512319144,8/5/2017,188.75,137.45,177.26,513
512319144,8/8/2017,868.3,147.77,177.26,433
512319144,8/9/2017,262.89,147.77,177.26,418
512319144,8/11/2017,331.77,147.77,177.26,425
512319144,8/16/2017,270.27,147.77,177.26,411
512319144,8/22/2017,262.89,147.77,190.68,396
512319144,8/30/2017,201.1,147.77,147.77,418
512319144,9/7/2017,259.23,147.77,147.77,462
512319144,9/15/2017,186.34,147.77,147.77,455
512319144,9/18/2017,248.16,147.77,147.77,440
512319144,9/21/2017,201.1,147.77,147.77,433
512319144,9/23/2017,193.74,147.77,147.77,425
512319144,9/29/2017,201.1,147.77,147.77,418
512319144,10/1/2017,193.74,147.77,147.77,411
512319144,10/11/2017,201.1,147.77,147.77,403
512319144,10/15/2017,201.1,147.77,147.77,396
512319144,10/16/2017,193.74,147.77,147.77,389
512319144,10/19/2017,197.41,147.77,147.77,411
512319144,11/2/2017,193.72,147.77,147.77,462
512319144,11/20/2017,270.27,147.77,147.77,447
512319144,11/21/2017,193.74,147.77,147.77,440
512319144,11/24/2017,201.1,147.77,147.77,433
512319144,11/27/2017,187.57,147.77,147.77,425
512319146,1/31/2016,160.19,63.21,63.2,374
512319146,2/23/2016,160.19,63.21,63.2,367
512319146,2/25/2016,160.19,63.21,63.2,352
512319146,3/10/2016,160.19,63.21,63.2,315
512319146,3/19/2016,188.45,63.21,63.2,293
512319146,3/26/2016,471.1,63.21,63.2,301
512319146,4/13/2016,160.19,63.21,63.2,213
512319146,4/22/2016,160.19,63.21,63.2,191
512319146,4/23/2016,216.72,63.21,63.2,176
512319146,5/3/2016,160.19,63.21,63.2,132
512319146,5/16/2016,160.19,63.21,63.2,80
512319146,7/2/2016,160.19,63.21,63.2,323
512319146,7/24/2016,244.98,63.21,63.2,183
512319146,8/12/2016,160.19,63.21,63.2,139
512319146,8/13/2016,160.19,63.21,63.2,132
512319146,8/14/2016,188.45,63.21,63.2,124
512319146,10/2/2016,158.78,60.31,109.73,374
512319146,10/10/2016,188.4,63.16,107.8,374
512319146,10/11/2016,160.16,63.16,107.8,359
512319146,10/12/2016,188.4,63.16,107.8,359
512319146,10/16/2016,160.16,63.16,109.78,352
512319146,10/22/2016,160.16,63.16,109.78,374
512319146,10/24/2016,216.64,63.16,63.15,367
512319146,10/25/2016,188.4,63.16,63.15,345
512319146,10/29/2016,188.4,63.16,63.15,264
512319146,10/31/2016,753.22,63.16,63.15,249
512319146,11/4/2016,188.4,63.16,112.73,161
512319146,11/6/2016,256.2,63.16,112.73,146
512319146,11/11/2016,160.16,63.16,112.73,88
512319146,11/14/2016,188.4,63.16,63.15,80
512319146,11/16/2016,216.64,63.16,63.15,66
512319146,11/25/2016,244.88,63.16,63.15,264
512319146,11/26/2016,188.4,63.16,63.15,235
512319146,11/29/2016,188.4,63.16,63.15,220
512319146,12/6/2016,188.4,63.16,63.15,235
512319146,12/16/2016,160.16,63.16,63.15,183
512319146,12/24/2016,56.84,63.16,63.15,183
512319146,12/30/2016,56.84,56.84,63.15,182
512319146,1/2/2017,56.84,56.84,63.15,181
512319146,1/3/2017,113.68,56.84,63.15,180
512319146,1/6/2017,170.52,56.84,63.15,178
512319146,1/8/2017,56.84,56.84,63.15,175
512319146,1/11/2017,56.84,56.84,63.15,174
512319146,1/13/2017,113.68,56.84,63.15,171
512319146,1/23/2017,56.84,56.84,63.15,227
512319146,1/25/2017,-113.68,56.84,63.15,226
512319146,1/29/2017,170.52,56.84,63.15,225
512319146,2/23/2017,160.16,63.16,63.15,80
512319146,2/25/2017,160.16,63.16,63.15,73
512319146,3/7/2017,160.16,63.16,63.15,73
512319146,3/20/2017,183.95,63.16,88.58,22
512319146,3/27/2017,191.3,66.16,88.58,0
512319146,5/17/2017,163.11,69.26,81,124
512319146,5/28/2017,164.69,72.51,72.51,124
512319146,6/3/2017,197.45,72.51,72.51,110
512319146,6/19/2017,262.99,72.51,72.51,88
512319146,8/21/2017,401.98,75.92,81,315
512319146,8/24/2017,167.37,78.05,78.05,367
512319146,9/7/2017,163.68,78.05,78.05,213
512319146,9/10/2017,167.37,78.05,78.05,205
512319146,9/12/2017,344.61,78.05,78.05,124
512319146,9/21/2017,202.82,78.05,78.05,29
512319146,10/23/2017,205.67,81,81,359
512319146,11/5/2017,205.67,81,81,359
512319146,11/8/2017,168.8,81,81,352
512319146,11/12/2017,198.29,81,81,352
512319149,4/9/2016,181.07,55.58,55.57,301
512319149,4/26/2016,156.5,55.58,55.57,286
512319149,12/4/2016,209.34,58.12,58.12,191
512319149,5/2/2017,159.03,60.82,60.81,132
512319149,6/5/2017,252.73,60.82,60.81,95
512319149,7/26/2017,186.14,60.82,60.81,66
512319150,7/28/2016,173.67,91.07,88.58,198
512319152,3/10/2016,182.99,110.34,110.49,227
512319152,3/14/2016,234.06,110.34,110.49,213
512319152,3/15/2016,336.2,110.34,110.49,213
512319152,5/3/2016,230.81,72.92,95.59,198
512319152,9/14/2016,356.12,70.99,70.98,183
512319152,10/3/2016,163.95,70.99,70.98,139
512319152,10/10/2016,163.95,70.99,70.98,88
512319153,3/10/2016,,78.97,137.34,102
512319153,3/14/2016,203.7,78.97,78.97,95
512319153,3/15/2016,275.49,78.97,78.97,95
512319153,5/3/2016,239.59,78.97,78.97,80
512319153,9/14/2016,291.72,51.97,27.3,66
512319157,4/21/2016,182.01,56.55,127.43,102
512319157,6/18/2016,156.96,56.55,127.43,176
512319159,7/31/2016,230.98,209.55,209.55,168
512319159,8/8/2016,230.98,209.55,209.55,124
512319160,2/18/2016,420.7,33.21,33.2,242
512319160,3/8/2016,159.42,33.21,33.2,139
512319160,3/23/2016,159.42,33.21,33.2,124
512319160,4/15/2016,160.8,34.63,36.25,139
512319160,4/16/2016,204.12,34.63,36.25,117
512319160,4/19/2016,189.68,34.63,36.25,58
512319160,6/5/2016,161.44,35.29,35.29,374
512319160,6/7/2016,161.44,35.29,35.29,374
512319160,6/30/2016,220.48,35.29,35.29,374
512319160,7/7/2016,161.44,35.29,35.29,323
512319160,7/20/2016,161.44,35.29,35.29,242
512319160,8/1/2016,309.04,35.29,35.29,352
512319160,8/8/2016,176.2,35.29,35.29,352
512319160,8/15/2016,353.32,35.29,35.29,352
512319160,8/18/2016,146.68,35.29,35.29,264
512319160,8/19/2016,441.88,35.29,35.29,257
512319160,8/26/2016,205.72,35.29,35.29,110
512319160,8/30/2016,146.68,35.29,35.29,213
512319160,10/15/2016,161.44,35.29,35.29,73
512319160,11/21/2016,220.48,35.29,35.29,374
512319160,11/23/2016,146.68,35.29,35.29,330
512319160,11/28/2016,190.96,35.29,35.29,323
512319160,12/5/2016,161.44,35.29,35.29,374
512319160,12/6/2016,190.96,35.29,35.29,374
512319160,12/24/2016,146.68,35.29,35.29,374
512319160,1/22/2017,146.68,35.29,35.29,374
512319160,2/8/2017,220.48,35.29,35.29,315
512319160,2/9/2017,220.48,35.29,35.29,293
512319160,2/11/2017,190.96,35.29,35.29,264
512319160,2/14/2017,146.68,35.29,35.29,242
512319160,2/24/2017,146.68,35.29,35.29,308
512319160,2/26/2017,158.73,35.29,35.29,293
512319160,3/5/2017,146.68,35.29,35.29,257
512319160,3/28/2017,264.76,35.29,35.29,161
512319160,3/31/2017,146.68,35.29,35.29,191
512319160,4/10/2017,161.44,35.29,35.29,176
512319160,4/11/2017,146.68,35.29,35.29,168
512319160,4/23/2017,213.12,35.29,35.29,139
512319160,4/24/2017,146.68,35.29,35.29,110
512319160,4/25/2017,236.74,35.29,35.29,0
512319160,5/15/2017,190.96,35.29,35.29,0
512319160,7/3/2017,132.41,36.26,36.25,220
512319160,7/12/2017,254.23,36.26,36.25,0
512319160,8/9/2017,183.01,36.26,84.56,191
512319160,8/17/2017,147.15,36.26,36.25,139
512319160,8/20/2017,223.28,36.26,36.25,80
512319160,9/7/2017,143.46,36.26,36.25,80
512319160,10/22/2017,170.22,36.26,36.25,352
512319160,10/23/2017,147.15,36.26,36.25,345
512319160,11/8/2017,162.37,36.26,36.25,359
512319166,4/21/2016,176.08,96.06,208.12,117
512319166,5/5/2016,176.08,96.06,208.12,117
512319166,6/15/2016,220.23,96.06,208.12,242
512319167,6/15/2016,212.46,88.02,88.02,301
512319170,3/11/2016,172.19,88.02,88.02,73
512319170,4/13/2016,301.07,92.19,92.19,0
512319170,4/27/2016,220.73,96.56,126.76,257
512319170,5/2/2016,309.53,96.56,96.56,235
512319170,6/28/2016,442.74,96.56,96.56,124
512319170,7/30/2016,220.73,96.56,96.56,95
512319170,12/20/2016,178.56,101.19,101.19,168
512319170,5/27/2017,229.88,106.02,126.76,80
512319170,5/29/2017,362.08,106.02,126.76,22
512319170,7/12/2017,179.67,111.11,126.76,337
512319170,7/28/2017,234.8,111.11,126.76,301
512319170,8/6/2017,185.94,116.45,126.76,286
512319170,10/12/2017,358.83,122.04,126.76,168
512319170,10/23/2017,367.98,126.77,126.76,154
512319170,11/20/2017,117.18,126.77,126.76,161
512319170,11/28/2017,235.22,126.77,126.76,146
512319171,3/7/2016,191.55,128.04,128.04,323
512319171,3/16/2016,251.18,128.04,128.04,271
512319171,3/31/2016,728.22,128.04,128.04,242
512319171,4/16/2016,251.18,128.04,128.04,161
512319171,4/28/2016,251.18,128.04,128.04,110
512319171,5/6/2016,251.18,128.04,128.04,102
512319171,5/11/2016,191.55,128.04,128.04,29
512319171,5/16/2016,370.44,128.04,128.04,44
512319171,6/9/2016,163.51,70.07,59.18,102
512319171,6/17/2016,321.44,70.07,53.9,95
512319171,6/27/2016,163.51,70.07,70.07,0
512319171,7/6/2016,,70.07,95.49,88
512319171,7/9/2016,195.09,70.07,95.49,66
512319171,7/10/2016,163.51,70.07,95.49,51
512319171,7/20/2016,174.48,92.75,95.49,0
512319171,8/23/2016,,95.39,92.75,227
512319171,8/29/2016,171.38,95.39,92.75,220
512319171,9/15/2016,177.06,98.09,95.39,213
512319171,9/17/2016,,98.09,95.39,205
512319171,9/18/2016,177.06,98.09,95.39,191
512319171,9/20/2016,402.77,98.09,95.39,183
512319171,9/23/2016,177.06,98.09,98.08,183
512319171,10/2/2016,177.06,98.09,98.08,176
512319171,10/21/2016,312.48,98.09,98.08,257
512319171,10/26/2016,222.2,98.09,131.85,227
512319171,11/2/2016,233.03,109.28,109.27,345
512319171,11/10/2016,233.03,109.28,109.27,330
512319171,11/18/2016,233.03,109.28,109.27,315
512319171,11/28/2016,334.13,109.28,109.27,301
512319171,12/5/2016,233.03,109.28,109.27,301
512319171,12/9/2016,334.13,109.28,109.27,286
512319171,12/12/2016,182.47,109.28,109.27,257
512319171,12/13/2016,182.47,109.28,109.27,249
512319171,12/19/2016,182.47,109.28,109.27,242
512319171,12/29/2016,283.58,98.35,109.27,235
512319171,1/5/2017,233.03,98.35,109.27,213
512319171,1/22/2017,182.47,98.35,104.03,286
512319171,2/8/2017,283.58,104.09,109.27,257
512319171,3/27/2017,246.93,94.17,94.17,191
512319171,3/31/2017,376.67,94.17,94.17,191
512319171,4/6/2017,234.16,85.38,85.37,213
512319171,4/9/2017,209.9,85.38,85.37,198
512319171,4/13/2017,,85.38,85.37,227
512319171,4/14/2017,428.5,85.38,85.37,168
512319171,4/23/2017,165.99,85.38,81.81,168
512319171,4/24/2017,206.43,85.38,78.66,154
512319171,4/25/2017,203.41,81.82,75.91,139
512319171,4/30/2017,188.5,69.36,61.88,257
512319171,6/19/2017,164.1,71.29,71.29,403
512319171,6/24/2017,198.19,73.27,73.27,389
512319171,6/28/2017,198.19,73.27,98.7,374
512319171,7/10/2017,131.92,73.27,98.7,359
512319171,7/11/2017,316,73.27,98.7,271
512319171,7/12/2017,227.61,73.27,98.7,293
512319171,7/13/2017,165.06,73.27,98.7,286
512319171,7/14/2017,447.32,73.27,98.7,213
512319171,7/17/2017,165.06,73.27,89.54,205
512319171,7/20/2017,165.06,73.27,73.27,198
512319171,8/2/2017,198.19,73.27,73.27,220
512319171,8/6/2017,165.06,73.27,73.27,213
512319171,8/7/2017,442.91,73.27,73.27,139
512319171,8/8/2017,243.55,73.27,73.27,110
512319171,8/10/2017,198.19,73.27,73.27,95
512319171,8/15/2017,198.19,73.27,73.27,80
512319171,8/17/2017,165.06,73.27,73.27,73
512319171,8/28/2017,249.73,73.27,73.27,44
512319171,8/31/2017,150.32,73.27,73.27,36
512319171,9/15/2017,610.54,73.27,73.27,235
512319171,9/18/2017,249.73,73.27,73.27,205
512319171,9/19/2017,162.62,73.27,73.27,198
512319171,9/20/2017,165.06,73.27,73.27,183
512319171,9/23/2017,198.17,73.27,73.27,176
512319171,10/4/2017,117.18,73.27,98.7,176
512319171,10/11/2017,206.14,81.51,98.7,337
512319171,10/14/2017,247.56,90.72,98.7,359
512319171,10/20/2017,241.91,90.72,116.49,381
512319171,10/25/2017,225.06,101.04,116.49,367
512319171,11/5/2017,207.71,90.72,85.83,396
512319171,11/6/2017,283.48,90.72,81.66,367
512319171,11/11/2017,169.12,81.67,90.71,396
512319171,11/13/2017,169.12,81.67,90.71,389
512319171,11/16/2017,215.04,90.72,90.71,374
512319171,11/22/2017,173.49,90.72,90.71,367
512319173,3/11/2016,407.34,147.11,147.1,374
512319173,3/26/2016,269.63,147.11,147.1,374
512319173,3/28/2016,269.63,147.11,147.1,374
512319173,5/5/2016,269.63,147.11,147.1,374
512319173,5/10/2016,269.63,147.11,157.27,374
512319173,5/16/2016,545.05,147.11,157.27,337
512319173,6/7/2016,982.98,151.38,151.38,242
512319173,6/13/2016,202.84,151.38,151.38,110
512319173,6/30/2016,273.76,151.38,151.38,191
512319173,7/2/2016,202.84,151.38,151.38,168
512319173,8/3/2016,259.84,151.38,151.38,36
512319173,8/6/2016,259.84,151.38,151.38,51
512319173,8/18/2016,344.69,151.38,151.38,271
512319173,8/23/2016,273.76,151.38,151.38,249
512319173,8/31/2016,202.84,151.38,151.38,161
512319173,9/12/2016,841.14,151.38,147,161
512319173,9/26/2016,269.68,147.16,147.61,132
512319173,11/6/2016,271.16,148.69,148.68,249
512319173,12/4/2016,332.66,108.51,122.49,235
512319173,12/11/2016,182.1,108.51,101.54,205
512319173,12/27/2016,282.47,108.51,108.51,242
512319173,1/2/2017,182.1,108.51,108.51,220
512319173,1/26/2017,235.29,111.62,143.65,315
512319173,2/6/2017,266.29,143.65,143.65,301
512319173,2/10/2017,199.1,143.65,143.65,293
512319173,3/2/2017,240.87,117.41,117.41,279
512319173,3/24/2017,240.9,117.41,117.41,257
512319173,3/31/2017,240.9,117.41,117.41,257
512319173,4/9/2017,188.03,120.77,120.76,249
512319173,4/11/2017,453.86,120.77,120.76,161
512319173,4/23/2017,234.33,120.77,120.76,235
512319173,4/28/2017,188.03,120.77,120.76,227
512319173,4/30/2017,238.24,120.77,120.76,213
512319173,5/1/2017,229.41,120.77,120.76,242
512319173,5/3/2017,229.41,120.77,120.76,227
512319173,5/16/2017,188.03,120.77,120.76,308
512319173,6/1/2017,234.33,120.77,120.76,337
512319173,6/23/2017,183.21,110.8,110.8,330
512319173,6/30/2017,234.48,110.8,110.8,315
512319173,7/6/2017,234.5,110.8,110.8,301
512319173,7/13/2017,184.76,114.01,110.8,293
512319173,7/16/2017,,114.01,110.8,264
512319173,7/23/2017,237.6,114.01,110.85,249
512319173,8/7/2017,335.58,114.01,114,264
512319173,8/8/2017,420.11,114.01,114,220
512319173,8/14/2017,184.76,114.01,114,213
512319173,8/16/2017,184.76,114.01,114,205
512319173,8/18/2017,184.76,114.01,114,198
512319173,8/25/2017,184.76,114.01,114,191
512319173,9/7/2017,184.76,114.01,114,183
512319173,9/19/2017,237.6,114.01,114,213
512319173,9/22/2017,237.58,114.01,114,198
512319173,9/25/2017,184.76,114.01,114,191
512319173,10/1/2017,227.79,114.01,114,176
512319173,10/2/2017,184.76,114.01,114,213
512319173,11/5/2017,230.22,114.01,114,286
512319173,11/29/2017,237.6,114.01,114,315
512319173,11/30/2017,184.76,114.01,114,308
512319175,1/25/2016,173.67,91.07,93.71,293
512319175,2/20/2016,173.67,91.07,91.07,220
512319175,2/25/2016,173.67,91.07,91.07,191
512319175,3/22/2016,340.65,91.07,91.07,124
512319175,3/28/2016,340.65,91.07,91.07,73
512319175,4/22/2016,298.9,91.07,93.71,337
512319175,4/26/2016,173.67,91.07,93.71,271
512319175,5/11/2016,215.41,91.07,91.07,286
512319175,5/12/2016,173.67,91.07,91.07,264
512319175,5/16/2016,173.67,91.07,91.07,264
512319175,5/23/2016,173.67,91.07,91.07,271
512319175,6/13/2016,173.67,91.07,91.07,176
512319175,7/28/2016,173.67,91.07,91.07,168
512319175,8/9/2016,173.67,91.07,91.07,95
512319175,8/10/2016,173.67,91.07,91.07,88
512319175,8/14/2016,173.67,91.07,91.07,73
512319175,8/22/2016,173.67,91.07,91.07,271
512319175,8/25/2016,173.67,91.07,91.07,264
512319175,9/28/2016,1175.58,91.07,91.07,264
512319175,10/24/2016,648.22,93.72,93.71,213
512319175,12/4/2016,217.97,93.72,93.71,213
512319175,1/26/2017,159.5,61.78,60.1,235
512319175,2/10/2017,160.33,63.51,61.78,227
512319175,2/28/2017,172.63,88.94,88.93,220
512319175,3/6/2017,172.63,88.94,88.93,213
512319175,4/26/2017,173.49,90.72,90.71,293
512319175,5/11/2017,173.49,90.72,90.71,286
512319175,5/24/2017,215.04,90.72,90.71,535
512319175,5/26/2017,168.57,90.72,90.71,528
512319175,6/23/2017,173.49,90.72,90.71,668
512319175,6/28/2017,173.49,90.72,90.71,660
512319175,8/7/2017,173.49,90.72,90.71,653
512319175,9/13/2017,173.49,90.72,90.71,646
512319175,9/19/2017,173.49,90.72,90.71,638
512319175,10/3/2017,215.07,90.72,90.71,624
512319175,10/12/2017,174.95,93.72,93.71,616
512319175,10/21/2017,174.95,93.72,93.71,609
512319175,11/17/2017,174.95,93.72,93.71,602
512319176,1/18/2016,396.76,43.88,43.88,352
512319176,1/19/2016,169.75,43.88,43.88,271
512319176,1/28/2016,169.75,43.88,43.88,374
512319176,2/8/2016,150.84,43.88,52.52,374
512319176,2/27/2016,154.33,51.1,51.1,367
512319176,3/4/2016,176.74,51.1,51.1,374
512319176,3/31/2016,154.33,51.1,51.1,374
512319176,4/10/2016,221.56,51.1,51.1,374
512319176,4/25/2016,154.33,51.1,51.1,330
512319176,4/28/2016,512.9,51.1,51.1,301
512319176,5/2/2016,199.15,51.1,51.1,242
512319176,5/18/2016,176.74,51.1,51.1,124
512319176,6/4/2016,154.33,51.1,51.1,51
512319176,6/14/2016,176.74,51.1,52.52,374
512319176,6/22/2016,154.33,51.1,52.52,367
512319176,6/27/2016,221.56,51.1,51.1,359
512319176,7/5/2016,204.93,42.51,41.39,367
512319176,7/26/2016,277.95,42.51,41.39,367
512319176,8/10/2016,277.95,42.51,41.39,374
512319176,8/25/2016,255.9,41.39,41.39,374
512319176,8/30/2016,149.63,41.39,41.39,213
512319176,9/8/2016,149.63,41.39,41.39,146
512319176,9/20/2016,149.63,41.39,41.39,146
512319176,9/26/2016,204.93,42.51,41.39,88
512319176,10/2/2016,202.77,41.39,41.39,374
512319176,10/26/2016,238.19,41.39,41.39,374
512319176,12/15/2016,310.79,38.39,38.39,374
512319176,1/5/2017,148.18,38.39,38.39,374
512319176,1/14/2017,229.48,38.39,38.39,374
512319176,1/16/2017,196.96,38.39,38.39,330
512319176,1/30/2017,148.18,38.39,38.39,323
512319176,3/11/2017,147.1,36.15,36.15,271
512319176,3/17/2017,162.28,36.15,36.15,264
512319176,3/31/2017,241.44,37.12,36.15,191
512319176,4/20/2017,241.44,37.12,36.15,36
512319176,5/11/2017,147.1,36.15,36.15,367
512319176,5/12/2017,424.73,36.15,36.15,220
512319176,6/10/2017,192.63,36.15,36.15,345
512319176,6/11/2017,177.45,36.15,36.15,323
512319176,6/16/2017,693.64,36.15,36.15,95
512319176,6/22/2017,162.28,36.15,36.15,80
512319176,6/29/2017,147.1,36.15,36.15,337
512319176,7/14/2017,201.12,36.15,36.15,146
512319176,8/6/2017,188.55,36.15,36.15,0
512319176,11/19/2017,151.38,40.12,52.52,359
512319176,12/2/2017,200.31,40.12,40.12,102
512319176,12/3/2017,166.11,40.12,40.12,88
512319955,2/13/2016,156.5,55.58,55.57,183
512319955,2/17/2016,156.5,55.58,55.57,168
512319955,2/24/2016,156.5,55.58,55.57,176
512319955,3/6/2016,156.5,55.58,55.57,146
512319955,4/11/2016,156.5,55.58,81,146
512319955,5/17/2016,156.5,55.58,55.57,139
512319955,5/18/2016,156.5,55.58,55.57,139
512319955,6/17/2016,156.5,55.58,55.57,110
512319955,8/22/2016,156.5,55.58,55.57,88
512319955,9/15/2016,156.5,55.58,55.57,58
512319955,9/26/2016,156.5,55.58,55.57,58
512319955,10/11/2016,156.5,55.58,55.57,51
512319955,10/17/2016,205.65,55.58,55.57,29
512319955,9/23/2017,156.5,55.58,55.57,242
512319955,9/24/2017,181.07,55.58,55.57,227
512319955,10/20/2017,287.98,55.58,55.57,139
512319955,10/23/2017,254.8,55.58,55.57,102
512319955,11/4/2017,156.5,55.58,55.57,161
512319955,11/20/2017,230.22,55.58,55.57,95
512319960,1/21/2016,422.79,42.36,42.35,0
512319960,2/1/2016,277.36,42.36,81.1,66
512319960,2/15/2016,150.1,42.36,82.63,279
512319960,2/25/2016,150.1,42.36,42.35,279
512319960,3/10/2016,150.1,42.36,42.35,271
512319960,3/14/2016,222.82,42.36,42.35,264
512319960,4/15/2016,186.46,42.36,42.35,315
512319960,5/8/2016,150.1,42.36,42.35,286
512319960,5/13/2016,168.28,42.36,42.35,279
512319960,5/22/2016,204.64,42.36,42.35,271
512319960,6/20/2016,168.28,42.36,42.35,191
512319960,6/24/2016,241,42.36,67.78,168
512319960,6/27/2016,385,42.36,67.78,124
512319960,9/28/2016,166.41,40.43,40.42,308
512319960,10/14/2016,149.16,40.43,40.42,301
512319960,10/25/2016,200.9,40.43,40.42,293
512319960,11/18/2016,219.99,41.19,41.18,279
512319960,11/22/2016,219.99,41.19,41.18,279
512319960,12/12/2016,272.83,41.19,41.18,213
512319960,12/22/2016,272.83,41.19,41.18,183
512319960,1/14/2017,219.99,41.19,41.18,110
512319960,1/31/2017,167.15,41.19,41.18,257
512319960,2/11/2017,202.37,41.19,41.18,213
512319960,2/23/2017,184.76,41.19,41.18,191
512319960,3/1/2017,149.53,41.19,41.18,183
512319960,4/4/2017,240.48,41.19,41.18,110
512319960,4/6/2017,167.15,41.19,41.18,95
512319960,4/25/2017,163.46,41.19,41.18,139
512319960,5/29/2017,167.15,41.19,41.18,124
512319960,7/23/2017,167.15,41.19,41.18,58
512319960,8/2/2017,212.63,41.19,41.18,29
512319960,8/5/2017,149.53,41.19,41.18,0
512319960,8/12/2017,149.53,41.19,41.18,36
512319960,8/22/2017,142.15,41.19,41.18,29
512319960,8/23/2017,149.53,41.19,41.18,22
512319960,9/25/2017,196.4,41.19,41.18,0
512319960,10/24/2017,150.42,43.02,43.01,0
512319960,10/31/2017,190.22,44.95,57.1,0
512319960,11/28/2017,152.34,46.99,46.98,29
512319961,1/21/2016,588,36.21,36.2,154
512319961,2/1/2016,253.54,36.21,36.2,352
512319961,2/25/2016,147.12,36.21,36.2,301
512319961,3/14/2016,162.33,36.21,36.2,293
512319961,3/26/2016,177.53,36.21,36.2,44
512319961,4/15/2016,177.53,36.21,36.2,374
512319961,5/13/2016,162.33,36.21,36.2,374
512319961,5/22/2016,192.73,36.21,36.2,374
512319961,6/20/2016,192.73,36.21,36.2,374
512319961,6/24/2016,223.14,36.21,36.2,374
512319961,6/27/2016,423.09,36.21,36.2,374
512319961,9/28/2016,177.53,36.21,36.2,176
512319961,10/14/2016,147.12,36.21,36.2,161
512319961,10/25/2016,192.73,36.21,36.2,124
512319961,11/18/2016,207.93,36.21,36.2,88
512319961,11/22/2016,207.93,36.21,36.2,88
512319961,11/25/2016,147.12,36.21,36.2,29
512319961,12/12/2016,147.12,36.21,36.2,58
512319961,12/20/2016,144.84,36.21,36.2,36
512319961,12/22/2016,162.33,36.21,36.2,36
512319961,12/30/2016,192.73,36.21,86.39,58
512319961,1/14/2017,192.73,36.21,36.2,36
512319961,1/31/2017,162.33,36.21,36.2,146
512319961,2/11/2017,162.33,36.21,36.2,139
512319961,2/23/2017,162.33,36.21,36.2,102
512319961,3/1/2017,147.12,36.21,36.2,80
512319961,3/10/2017,145.25,36.21,36.2,80
512319961,3/22/2017,192.73,36.21,36.2,58
512319961,3/28/2017,207.93,36.21,36.2,36
512319961,4/25/2017,160.19,37.78,61.63,36
512319961,7/23/2017,147.89,37.78,37.78,367
512319961,7/28/2017,244.91,37.78,37.78,315
512319961,8/2/2017,204.37,37.78,37.78,337
512319961,8/5/2017,147.89,37.78,37.78,330
512319961,8/7/2017,163.85,37.78,37.78,352
512319961,8/22/2017,140.53,37.78,37.78,367
512319961,8/23/2017,147.89,37.78,37.78,359
512319961,9/19/2017,147.89,37.78,37.78,367
512319961,9/25/2017,146.38,37.78,37.78,367
512319961,10/24/2017,147.89,37.78,37.78,323
512319961,10/31/2017,163.85,37.78,37.78,301
512319961,11/6/2017,147.89,37.78,37.78,315
512319961,11/18/2017,163.85,37.78,37.78,359
512319961,12/3/2017,147.89,37.78,37.78,367
512319963,2/9/2016,191.97,128.9,124.78,110
512319979,3/6/2016,166.83,76.94,76.93,374
512319979,4/11/2016,205.23,80.55,80.54,323
512319979,4/15/2016,168.57,80.55,80.54,301
512319979,5/13/2016,278.54,80.55,80.54,308
512319979,5/16/2016,168.57,80.55,80.54,308
512319979,6/10/2016,168.57,80.55,80.54,293
512319979,6/20/2016,205.23,80.55,80.54,286
512319979,6/27/2016,791.69,80.55,80.54,264
512319979,7/6/2016,168.57,80.55,88.63,124
512319979,7/12/2016,205.23,80.55,88.63,124
512319979,7/23/2016,205.23,80.55,80.54,117
512319979,8/12/2016,165.99,75.21,66.51,36
512319979,9/6/2016,154.16,50.75,50.74,36
512319979,2/8/2017,168.48,80.34,80.34,44
512319979,2/11/2017,278.14,80.34,80.34,14
512319979,3/21/2017,170.42,84.36,84.36,198
512319979,4/4/2017,170.42,84.36,84.36,198
512319979,4/16/2017,208.92,84.36,84.36,161
512319979,4/22/2017,208.92,84.36,84.36,154
512319979,5/1/2017,208.92,84.36,84.36,146
512319979,5/7/2017,170.42,84.36,84.36,146
512319979,5/29/2017,170.42,84.36,84.36,139
512319979,5/31/2017,271.18,84.36,84.36,110
512319979,6/6/2017,208.92,84.36,84.36,110
512319979,7/3/2017,167.49,84.36,84.36,110
512319979,7/5/2017,208.92,84.36,84.36,66
512319979,7/6/2017,170.42,84.36,84.36,58
512319979,7/8/2017,170.42,84.36,84.36,51
512319979,8/3/2017,170.42,84.36,84.36,51
512319979,8/19/2017,208.92,84.36,84.36,36
512319979,9/12/2017,278.54,84.36,84.36,0
512319979,9/26/2017,170.42,84.36,84.36,0
512319985,5/10/2016,341.17,221.05,221.04,176
512319985,5/24/2016,341.17,221.05,221.04,168
512319985,8/22/2016,341.17,221.05,221.04,161
512319985,9/15/2016,341.17,221.05,221.04,154
512319985,2/22/2017,468.08,186.11,180.82,102
512319985,3/10/2017,217.09,180.82,180.82,124
512319985,3/31/2017,1473.09,206.25,223.43,0
512319985,4/16/2017,446.82,221.76,219.21,36
512319985,5/2/2017,236.89,221.76,221.75,36
512319985,5/31/2017,387.42,180.82,180.82,0
512319986,1/20/2016,198.19,141.77,141.76,293
512319986,2/16/2016,264.46,141.77,141.76,293
512319986,4/19/2016,264.46,141.77,141.76,279
512319986,6/22/2016,264.46,141.77,141.76,271
512319986,7/9/2016,397.01,141.77,141.76,257
512319986,7/19/2016,397.01,141.77,141.76,235
512319986,7/28/2016,264.46,141.77,141.76,213
512319986,9/7/2016,1059.73,141.77,141.76,198
512319986,9/17/2016,264.46,141.77,141.76,117
512319986,10/3/2016,264.46,141.77,141.76,102
512319986,10/19/2016,397.01,141.77,141.76,95
512319986,12/14/2016,397.01,141.77,141.76,66
512319986,2/1/2017,410.29,148.63,148.63,14
512319986,9/11/2017,409.53,155.86,221.24,95
512319986,10/21/2017,409.53,155.86,155.85,95
512319986,11/5/2017,205.01,155.86,155.85,58
512319998,2/25/2016,398.78,142.69,141.97,271
512319998,5/1/2016,198.64,142.69,142.68,220
512319998,6/29/2016,198.64,142.69,142.68,205
512319998,7/7/2016,265.35,142.69,142.68,205
512319998,8/8/2016,265.35,142.69,142.68,139
512319998,8/29/2016,198.64,142.69,258.47,88
512319998,12/12/2016,265.35,142.69,142.68,88
512319998,12/29/2016,198.64,142.69,142.68,80
512319998,2/3/2017,199.15,143.75,143.75,44
512319998,3/27/2017,399.59,150.72,172.58,0
512319998,5/29/2017,131.92,150.72,155.04,36
512319998,8/21/2017,399.59,150.72,257.96,0
512319998,11/22/2017,195.14,150.72,212.7,29
512319999,2/25/2016,398.78,142.69,142.68,88
512319999,3/21/2016,198.64,142.69,142.68,73
512319999,3/22/2016,198.64,142.69,142.68,29
512319999,5/29/2016,198.64,142.69,232.33,36
512319999,1/22/2017,342.1,149.6,149.6,44
512319999,2/3/2017,201.98,149.6,149.6,29
512319999,10/2/2017,264.34,156.87,257.96,58
512319999,10/19/2017,264.34,156.87,156.87,44
512319999,11/3/2017,190.76,156.87,156.87,44
512319999,11/4/2017,205.5,156.87,156.87,36
512319999,11/22/2017,198.14,156.87,156.87,29
512320003,1/28/2016,278.31,32.29,32.28,374
512320003,2/4/2016,145.23,32.29,32.28,374
512320003,4/16/2016,185.15,32.29,32.28,374
512320003,5/17/2016,257.13,30.66,30.66,257
512320003,5/25/2016,182.01,30.66,30.66,374
512320003,6/4/2016,156.96,30.66,30.66,374
512320003,6/14/2016,219.57,30.66,30.66,374
512320003,6/16/2016,144.44,30.66,30.66,323
512320003,6/18/2016,282.18,30.66,30.66,323
512320003,7/8/2016,182.01,30.66,30.66,374
512320003,7/29/2016,156.96,30.66,30.66,374
512320003,8/31/2016,169.48,30.66,30.66,374
512320003,9/7/2016,169.48,30.66,30.66,352
512320003,9/9/2016,407.39,30.66,30.66,352
512320003,10/12/2016,148.13,38.29,74.08,124
512320003,11/3/2016,196.77,38.29,38.29,374
512320003,11/14/2016,164.34,38.29,38.29,374
512320003,11/30/2016,456.15,38.29,38.29,374
512320003,12/16/2016,715.53,38.29,38.29,374
512320003,1/11/2017,164.34,38.29,73.88,359
512320003,1/27/2017,196.77,38.29,38.29,345
512320003,1/28/2017,196.77,38.29,38.29,315
512320003,3/13/2017,157.21,32.29,32.23,359
512320003,3/14/2017,145.2,30.92,32.28,352
512320003,3/15/2017,145.2,32.24,32.28,345
512320003,3/27/2017,312.09,29.49,24.91,235
512320003,4/6/2017,141.78,25.17,21.45,367
512320003,4/8/2017,141.78,25.17,21.5,359
512320003,5/5/2017,172.56,25.78,25.78,345
512320003,5/6/2017,192.88,25.78,25.78,301
512320003,5/7/2017,172.56,25.78,25.78,271
512320003,5/9/2017,239.1,25.78,25.78,183
512320003,5/20/2017,228.94,25.78,25.78,293
512320003,5/31/2017,172.56,25.78,25.78,80
512320003,6/19/2017,155.59,30.66,46.93,359
512320003,7/14/2017,248.16,31.48,46.93,308
512320003,7/31/2017,172.29,25.68,31.47,345
512320003,8/12/2017,157.75,31.48,31.47,359
512320003,8/20/2017,259.25,31.48,31.47,293
512320003,8/25/2017,233.42,31.48,31.47,308
512320003,9/4/2017,183.58,31.48,31.47,345
512320003,9/15/2017,157.75,31.48,31.47,161
512320003,10/4/2017,144.84,31.48,31.47,367
512320003,11/11/2017,171.85,32.29,35.69,352
512320003,11/28/2017,198.46,32.29,32.28,337
512320005,2/7/2016,144.47,30.71,30.71,374
512320005,2/22/2016,144.47,30.71,30.71,374
512320005,4/7/2016,257.38,30.71,32.84,286
512320005,4/24/2016,158.24,31.98,42.86,374
512320005,4/25/2016,145.08,31.98,42.86,359
512320005,4/28/2016,187.22,33.36,30.71,352
512320005,5/16/2016,185.55,32.49,32.49,374
512320005,5/23/2016,185.55,32.49,32.49,337
512320005,5/26/2016,145.33,32.49,32.49,271
512320005,6/8/2016,252.58,32.49,32.49,279
512320005,7/26/2016,158.73,32.49,32.49,154
512320005,8/14/2016,185.55,32.49,32.49,36
512320005,9/15/2016,277.31,34.83,34.83,374
512320005,2/21/2017,285.23,36.36,36.35,293
512320005,3/11/2017,254.13,36.36,36.35,315
512320005,4/12/2017,147.2,36.36,36.35,367
512320005,4/18/2017,162.47,36.36,36.35,359
512320005,7/15/2017,407.44,36.36,36.35,58
512320005,7/28/2017,223.58,36.36,36.35,0
512320005,8/25/2017,244.37,37.99,42.86,36
512320005,9/6/2017,147.98,37.99,37.98,345
512320005,9/7/2017,212.24,37.99,37.98,293
512320005,9/13/2017,196.18,37.99,37.98,198
512320005,9/22/2017,358.14,37.99,37.98,36
512320005,11/8/2017,182.55,39.66,39.66,88
512320006,2/2/2016,283.8,27.2,64.12,110
512320006,3/2/2016,142.77,27.2,61.22,58
512320006,3/5/2016,142.77,27.2,61.22,51
512320006,3/8/2016,142.77,27.2,55.73,44
512320006,4/5/2016,161,24.81,18.96,51
512320006,4/19/2016,153.1,19.37,19.01,330
512320006,4/23/2016,138.98,19.37,19.01,301
512320006,4/27/2016,146.04,19.37,19.01,308
512320006,4/30/2016,138.98,19.37,19.01,293
512320006,5/9/2016,159.28,18.92,18.35,308
512320006,5/14/2016,158.98,18.76,18.91,293
512320006,5/15/2016,152.22,18.76,18.91,264
512320006,5/17/2016,199.57,18.76,18.91,213
512320006,5/28/2016,138.69,18.76,18.76,227
512320006,5/30/2016,213.1,18.76,18.76,220
512320006,5/31/2016,145.45,18.76,18.76,132
512320006,6/8/2016,138.69,18.76,18.76,161
512320006,6/24/2016,138.69,18.76,18.76,161
512320006,6/25/2016,152.22,18.76,18.76,161
512320006,7/9/2016,145.45,18.76,18.76,146
512320006,8/2/2016,152.22,18.76,18.76,117
512320006,8/6/2016,138.69,18.76,18.76,110
512320006,8/15/2016,145.45,18.76,18.76,124
512320006,8/20/2016,138.69,18.76,18.76,117
512320006,8/28/2016,145.45,18.76,61.78,117
512320006,9/7/2016,186.04,18.76,18.76,110
512320006,9/8/2016,152.22,18.76,18.76,36
512320006,9/15/2016,165.75,18.76,18.76,44
512320006,10/30/2016,165.75,18.76,58.42,66
512320006,1/27/2017,158.98,18.76,69.3,345
512320006,2/9/2017,138.69,18.76,18.76,367
512320006,2/10/2017,138.69,18.76,18.76,359
512320006,2/16/2017,152.22,18.76,18.76,352
512320006,2/21/2017,138.69,18.76,18.76,367
512320006,2/25/2017,141.78,18.76,18.76,352
512320006,4/9/2017,158.98,18.76,18.76,345
512320006,4/15/2017,152.22,18.76,18.76,337
512320006,5/2/2017,180.14,18.76,18.76,235
512320006,5/25/2017,138.69,18.76,18.76,242
512320006,7/13/2017,138.69,18.76,18.76,235
512320006,7/21/2017,131.33,18.76,27.61,213
512320006,8/16/2017,165.75,18.76,18.76,161
512320006,10/4/2017,138.69,18.76,18.76,95
512320006,10/6/2017,213.1,18.76,27.15,0
512320009,2/3/2016,234.99,26.09,26.08,374
512320009,2/5/2016,173.15,26.09,26.08,301
512320009,2/28/2016,162.84,26.09,26.08,374
512320009,3/7/2016,152.53,26.09,26.08,374
512320009,3/30/2016,142.23,26.09,26.08,374
512320009,4/23/2016,142.23,26.09,51.51,374
512320009,5/7/2016,142.23,26.09,26.08,374
512320009,5/11/2016,142.23,26.09,26.08,367
512320009,5/13/2016,142.23,26.09,26.08,367
512320009,5/22/2016,152.53,26.09,26.08,374
512320009,6/6/2016,142.23,26.09,26.08,374
512320009,7/24/2016,152.53,26.09,26.08,315
512320009,8/30/2016,193.76,26.09,26.08,286
512320009,9/7/2016,152.53,26.09,26.08,264
512320009,9/20/2016,142.23,26.09,26.08,257
512320009,9/27/2016,173.15,26.09,26.08,242
512320009,9/29/2016,142.23,26.09,26.08,205
512320009,10/1/2016,142.23,26.09,26.08,198
512320009,10/2/2016,142.23,26.09,26.08,191
512320009,10/3/2016,142.23,26.09,26.08,183
512320009,10/22/2016,142.23,26.09,26.08,220
512320009,10/24/2016,152.53,26.09,26.08,213
512320009,11/16/2016,142.23,26.09,26.08,124
512320009,11/25/2016,224.69,26.09,26.08,117
512320009,11/30/2016,142.23,26.09,26.08,51
512320009,12/6/2016,152.53,26.09,26.08,73
512320009,1/14/2017,142.23,26.09,26.08,73
512320009,1/28/2017,193.76,26.09,26.08,29
512320009,3/26/2017,142.23,26.09,58.47,66
512320009,4/23/2017,159.69,26.09,26.08,51
512320009,5/19/2017,162.84,26.09,26.08,352
512320009,5/29/2017,198.91,26.09,26.08,323
512320009,6/4/2017,217.33,26.09,26.08,308
512320009,9/17/2017,142.23,26.09,26.08,146
512320009,9/20/2017,150.89,26.09,26.08,124
512320009,9/23/2017,152.53,26.09,26.08,117
512320009,11/28/2017,142.23,26.09,26.08,132
512320010,4/27/2016,288.13,327.68,281.6,139
512320010,4/29/2016,272.51,327.68,281.6,124
512320010,4/30/2016,288.13,327.68,281.6,117
512320010,5/23/2016,269.85,289.9,185.6,124
512320010,6/2/2016,269.85,289.9,289.89,124
512320010,6/5/2016,269.85,289.9,289.89,110
512320010,6/16/2016,256.05,289.9,289.89,110
512320010,6/17/2016,269.85,289.9,289.89,102
512320010,6/30/2016,295.95,343.85,375.42,102
512320010,7/1/2016,295.95,343.85,375.42,95
512320010,7/22/2016,476.42,360.83,360.83,88
512320010,7/28/2016,304.17,360.83,360.83,66
512320010,8/12/2016,304.17,360.83,360.83,73
512320010,8/28/2016,304.17,360.83,360.83,73
512320010,9/5/2016,304.17,360.83,360.83,66
512320010,10/13/2016,476.42,360.83,360.83,51
512320010,10/14/2016,304.17,360.83,360.83,29
512320010,10/17/2016,304.17,360.83,360.83,22
512320014,4/11/2016,249.7,248.25,170.44,102
512320014,4/15/2016,249.7,248.25,206.19,73
512320014,5/17/2016,249.7,248.25,248.24,51
512320014,6/27/2016,367.49,248.25,248.24,183
512320014,6/30/2016,249.7,248.25,248.24,154
512320016,4/22/2016,176.47,96.87,72.86,183
512320016,4/27/2016,176.47,96.87,63.1,168
512320016,6/5/2016,176.47,96.87,96.86,168
512320016,6/10/2016,265.57,96.87,96.86,161
512320017,4/27/2016,219.59,186.01,186,132
512320017,6/5/2016,219.59,186.01,186,198
512320017,8/21/2016,187.25,119.14,97.58,198
512320019,2/18/2016,191.01,126.92,129.76,308
512320019,3/9/2016,192.39,129.77,133.78,308
512320019,5/8/2016,172.85,89.39,129.76,301
512320019,6/13/2016,213.79,89.39,89.39,301
512320019,7/6/2016,172.85,89.39,89.39,293
512320019,7/27/2016,172.85,89.39,89.39,286
512320019,7/28/2016,172.85,89.39,89.39,279
512320019,7/30/2016,172.85,89.39,89.39,264
512320021,2/2/2016,306.68,27.36,27.35,374
512320021,3/2/2016,164.69,27.36,27.35,308
512320021,3/5/2016,153.76,27.36,27.35,271
512320021,3/8/2016,142.84,27.36,62.85,271
512320021,4/5/2016,230.22,27.36,27.35,286
512320021,4/27/2016,153.76,27.36,27.35,191
512320021,5/2/2016,164.69,27.36,27.35,146
512320021,5/3/2016,142.84,27.36,27.35,88
512320021,5/9/2016,175.61,27.36,27.35,102
512320021,5/14/2016,175.61,27.36,27.35,66
512320021,5/15/2016,164.69,27.36,27.35,36
512320021,5/28/2016,186.53,27.36,63.46,374
512320021,5/30/2016,252.07,27.36,63.46,337
512320021,5/31/2016,153.76,27.36,63.46,257
512320021,6/8/2016,164.69,27.36,63.46,374
512320021,6/23/2016,142.84,27.36,63.46,374
512320021,6/25/2016,164.69,27.36,63.46,374
512320021,7/9/2016,153.76,27.36,27.35,359
512320021,8/6/2016,142.84,27.36,27.35,242
512320021,8/15/2016,153.76,27.36,27.35,220
512320021,8/20/2016,142.84,27.36,27.35,213
512320021,8/24/2016,164.69,27.36,27.35,198
512320021,8/28/2016,153.76,27.36,27.35,110
512320021,9/7/2016,208.38,27.36,27.35,124
512320021,9/8/2016,164.69,27.36,27.35,58
512320021,9/15/2016,186.53,27.36,27.35,66
512320021,10/30/2016,175.61,27.36,82.83,374
512320021,11/26/2016,142.84,27.36,27.35,374
512320021,2/9/2017,142.84,27.36,27.35,367
512320021,2/11/2017,153.76,27.36,27.35,352
512320021,2/16/2017,153.76,27.36,27.35,359
512320021,2/25/2017,150.07,27.36,27.35,359
512320021,4/4/2017,142.84,27.36,27.35,367
512320021,4/15/2017,164.69,27.36,52.78,352
512320021,5/2/2017,213.4,27.36,52.78,315
512320021,7/13/2017,142.84,27.36,27.35,352
512320021,7/21/2017,135.46,27.36,27.35,345
512320021,8/16/2017,185.79,27.36,27.05,183
512320021,10/6/2017,419.13,28.53,28.52,0
512320022,1/18/2016,227.96,29.59,29.59,367
512320022,2/4/2016,143.92,29.59,29.59,374
512320022,2/21/2016,155.93,29.59,29.59,374
512320022,2/22/2016,167.93,29.59,29.59,359
512320022,2/25/2016,275.98,29.59,29.59,337
512320022,3/4/2016,432.04,29.59,29.59,374
512320022,3/5/2016,155.93,29.59,29.59,191
512320022,3/8/2016,155.93,29.59,29.59,102
512320022,3/31/2016,155.93,29.59,55.01,168
512320022,4/14/2016,239.96,29.59,29.59,95
512320022,5/3/2016,299.99,29.59,29.59,110
512320022,6/5/2016,155.93,29.59,62.54,374
512320022,6/6/2016,179.94,29.59,62.54,374
512320022,6/7/2016,287.98,29.59,62.54,374
512320022,6/9/2016,155.93,29.59,62.54,374
512320022,6/11/2016,215.95,29.59,62.54,264
512320022,7/5/2016,432.04,29.59,29.59,374
512320022,7/10/2016,179.94,29.59,29.59,191
512320022,7/11/2016,155.93,29.59,29.59,161
512320022,7/29/2016,143.92,29.59,29.59,374
512320022,7/31/2016,167.93,29.59,29.59,367
512320022,9/20/2016,191.94,29.59,29.59,374
512320022,9/22/2016,143.92,29.59,29.59,337
512320022,9/24/2016,227.96,29.59,29.59,330
512320022,9/29/2016,215.95,29.59,29.59,315
512320022,10/2/2016,143.92,29.59,29.59,323
512320022,10/6/2016,191.94,29.59,29.59,367
512320022,10/8/2016,263.97,29.59,29.59,337
512320022,10/24/2016,155.93,29.59,29.59,352
512320022,10/26/2016,155.93,29.59,29.59,330
512320022,10/28/2016,179.94,29.59,59.08,323
512320022,10/29/2016,239.96,29.59,59.08,279
512320022,11/9/2016,155.93,29.59,29.59,205
512320022,11/19/2016,143.92,29.59,29.59,198
512320022,11/21/2016,143.92,29.59,29.59,191
512320022,11/25/2016,179.94,29.59,29.59,183
512320022,12/1/2016,143.92,29.59,29.59,154
512320022,12/7/2016,143.92,29.59,29.59,139
512320022,12/11/2016,143.92,29.59,29.59,139
512320022,12/12/2016,155.93,29.59,29.59,139
512320022,12/19/2016,287.98,29.59,29.59,132
512320022,1/2/2017,155.93,29.59,29.59,374
512320022,1/7/2017,203.95,29.59,29.59,374
512320022,1/31/2017,275.98,29.59,29.59,286
512320022,2/1/2017,203.95,29.59,29.59,242
512320022,2/4/2017,251.97,29.59,29.59,213
512320022,2/13/2017,143.92,29.59,29.59,
512320022,2/16/2017,143.92,29.59,29.59,359
512320022,2/17/2017,203.95,29.59,29.59,323
512320022,2/19/2017,251.97,29.59,29.59,249
512320022,2/20/2017,187.86,29.59,29.59,213
512320022,2/24/2017,143.92,29.59,29.59,367
512320022,2/25/2017,510.78,29.59,29.59,132
512320022,2/28/2017,282.18,29.59,29.59,36
512320022,3/4/2017,188.06,29.59,29.59,242
512320022,3/9/2017,307.61,29.59,29.59,213
512320022,3/13/2017,306.46,29.59,29.59,95
512320022,3/16/2017,313.52,29.59,29.59,139
512320022,3/18/2017,143.92,29.59,29.59,249
512320022,3/28/2017,256.25,29.59,29.59,271
512320022,4/12/2017,186.26,29.59,29.59,205
512320022,4/25/2017,143.92,29.59,55.01,213
512320022,5/9/2017,155.93,29.59,29.59,198
512320022,5/24/2017,139.03,29.59,29.59,168
512320022,5/31/2017,142.08,29.59,29.59,139
512320022,7/16/2017,190.84,29.14,29.13,198
512320022,7/23/2017,212.24,29.14,29.13,146
512320022,7/30/2017,143.7,29.14,29.13,139
512320022,9/4/2017,155.49,29.14,29.13,191
512320022,9/14/2017,143.7,29.14,29.13,110
512320022,9/20/2017,184.69,29.14,29.13,36
512320022,9/29/2017,143.7,29.14,29.13,367
512320022,10/9/2017,143.7,29.14,29.13,367
512320022,11/8/2017,163.58,29.14,29.13,352
512320022,11/18/2017,190.84,29.14,29.13,337
512320023,2/3/2016,241.14,27.36,27.35,117
512320023,2/21/2016,186.53,27.36,58.63,374
512320023,2/28/2016,153.76,27.36,58.63,374
512320023,3/30/2016,175.61,27.36,27.35,374
512320023,5/11/2016,142.84,27.36,27.35,374
512320023,5/13/2016,153.76,27.36,27.35,374
512320023,6/6/2016,142.84,27.36,27.35,374
512320023,6/13/2016,164.69,27.36,27.35,374
512320023,7/5/2016,142.84,27.36,27.35,374
512320023,7/24/2016,142.84,27.36,27.35,374
512320023,8/23/2016,142.84,27.36,27.35,337
512320023,8/30/2016,197.45,27.36,60.15,330
512320023,9/7/2016,142.84,27.36,27.35,308
512320023,9/20/2016,142.84,27.36,27.35,220
512320023,9/27/2016,219.3,27.36,27.35,205
512320023,9/29/2016,142.84,27.36,27.35,124
512320023,10/1/2016,142.84,27.36,27.35,117
512320023,10/2/2016,142.84,27.36,27.35,110
512320023,10/3/2016,142.84,27.36,27.35,102
512320023,11/25/2016,200.85,28.53,35.69,51
512320023,11/30/2016,143.41,28.53,34.01,0
512320023,12/6/2016,156.08,29.75,35.69,29
512320023,1/14/2017,144.61,31.02,31.01,374
512320023,1/28/2017,208.08,31.02,31.01,330
512320023,1/31/2017,157.31,31.02,31.01,315
512320023,3/18/2017,145.25,32.34,32.34,367
512320023,3/26/2017,145.25,32.34,32.34,367
512320023,4/12/2017,185.25,32.34,32.34,345
512320023,4/23/2017,181.05,32.34,32.34,345
512320023,4/24/2017,158.59,32.34,32.34,330
512320023,5/19/2017,158.59,32.34,32.34,205
512320023,5/29/2017,220.11,32.34,32.34,168
512320023,6/4/2017,244.54,32.34,32.34,88
512320023,9/17/2017,143.97,29.7,29.69,88
512320023,9/20/2017,154.4,29.7,29.69,154
512320023,9/23/2017,156.03,29.7,29.69,146
512320025,6/23/2016,243.8,236.05,236.04,80
512320025,12/3/2016,230.94,209.45,209.45,73
512320025,5/13/2017,234.87,217.59,217.58,58
512320025,6/29/2017,342,221.91,221.9,51
512320025,8/16/2017,313.03,191.96,191.95,36
512320025,9/8/2017,333.34,212.96,221.9,29
512320025,10/5/2017,333.34,212.96,212.95,29
512320025,10/18/2017,333.34,212.96,212.95,0
512464608,2/9/2016,140.8,23.14,32.49,374
512464608,2/13/2016,149.68,23.14,32.49,367
512464608,3/3/2016,158.56,23.14,23.13,374
512464608,3/13/2016,167.44,23.14,23.13,374
512464608,3/14/2016,140.8,23.14,23.13,345
512464608,4/3/2016,149.68,23.14,23.13,374
512464608,4/6/2016,149.68,23.14,23.13,374
512464608,4/17/2016,149.68,23.14,23.13,374
512464608,4/21/2016,185.2,23.14,23.13,359
512464608,4/25/2016,229.61,23.14,23.13,330
512464608,4/29/2016,140.8,23.14,23.13,293
512464608,5/11/2016,149.68,23.14,23.13,374
512464608,5/31/2016,140.8,23.14,23.13,374
512464608,6/12/2016,140.8,23.14,23.13,374
512464608,6/16/2016,149.68,23.14,23.13,293
512464608,6/18/2016,149.68,23.14,23.13,264
512464608,6/30/2016,140.8,23.14,23.13,213
512464608,7/2/2016,158.56,23.14,23.13,198
512464608,7/5/2016,149.68,23.14,23.13,168
512464608,7/19/2016,149.68,23.14,23.13,374
512464608,7/26/2016,140.8,23.14,23.13,374
512464608,7/27/2016,149.68,23.14,23.13,
512464608,7/29/2016,140.8,23.14,20.18,352
512464608,7/31/2016,362.82,23.14,18.61,345
512464608,8/11/2016,140.51,22.53,17.79,
512464608,8/20/2016,139.47,20.39,20.39,374
512464608,8/23/2016,207.44,20.39,20.39,367
512464608,8/24/2016,139.47,20.39,20.39,367
512464608,8/27/2016,177.23,20.39,20.39,293
512464608,9/2/2016,147.02,20.39,32.49,374
512464608,9/7/2016,147.02,20.39,20.39,
512464608,9/12/2016,139.47,20.39,20.39,359
512464608,9/19/2016,139.47,20.39,20.39,345
512464608,10/1/2016,169.68,20.39,20.39,293
512464608,10/24/2016,139.77,21,32.49,168
512464608,11/15/2016,179,21,32.49,330
512464608,12/4/2016,149.09,22.53,22.52,213
512464608,12/17/2016,140.51,22.53,22.52,198
512464608,1/8/2017,149.09,22.53,22.52,183
512464608,4/3/2017,150.62,24.1,24.1,22
512464608,5/15/2017,161.37,25.07,25.06,117
512464608,5/19/2017,161.37,25.07,25.06,44
512464608,5/31/2017,171.18,25.07,25.06,22
512464608,7/10/2017,138.81,25.07,25.06,359
512464608,7/18/2017,141.74,25.07,25.06,293
512464608,7/23/2017,151.55,25.07,25.06,205
512464608,7/24/2017,148.28,25.07,25.06,191
512464608,7/25/2017,141.74,25.07,25.06,183
512464608,7/30/2017,117.18,25.07,25.06,102
512464608,8/4/2017,171.18,25.07,25.06,0
512464608,11/11/2017,141.74,25.07,52.52,264
512464608,11/13/2017,151.55,25.07,52.52,242
512464609,2/13/2016,147.84,37.68,37.68,374
512464609,2/28/2016,195.58,37.68,37.68,374
512464609,3/25/2016,147.84,37.68,37.68,374
512464609,4/17/2016,163.75,37.68,36.86,374
512464609,4/29/2016,163.75,37.68,36.86,374
512464609,5/22/2016,182.47,39.61,36.86,374
512464609,6/4/2016,147.91,37.83,37.83,374
512464609,6/6/2016,163.9,37.83,37.83,374
512464609,6/18/2016,163.9,37.83,37.83,374
512464609,6/30/2016,147.42,36.82,37.83,374
512464609,7/2/2016,146.73,35.39,37.83,367
512464609,7/29/2016,146.9,35.75,35.74,374
512464609,9/7/2016,162.77,36.66,36.66,374
512464609,9/9/2016,502.1,36.66,36.66,359
512464609,9/24/2016,162.77,36.66,36.66,374
512464609,9/26/2016,147.34,36.66,36.66,359
512464609,10/1/2016,209.04,36.66,36.66,44
512464609,11/15/2016,167.34,41.39,41.39,359
512464609,3/6/2017,174.01,41.39,41.39,352
512464609,4/5/2017,202.77,41.39,41.39,345
512464609,4/9/2017,161.44,41.39,41.39,330
512464609,4/18/2017,185.06,41.39,41.39,352
512464609,5/15/2017,149.63,41.39,41.39,367
512464609,7/10/2017,146.68,41.39,41.39,367
512464609,7/30/2017,245.82,42.76,42.76,154
512464609,8/2/2017,245.82,42.76,42.76,14
512464609,8/30/2017,150.3,42.76,42.76,36
512464614,1/19/2016,494.06,254.3,254.3,249
512464614,1/28/2016,252.63,254.3,254.3,220
512464614,2/19/2016,252.63,254.3,254.3,213
512464614,2/29/2016,373.34,254.3,254.3,191
512464614,4/1/2016,252.63,254.3,254.3,132
512464614,5/12/2016,252.63,254.3,254.3,117
512464614,5/18/2016,252.63,254.3,254.3,110
512464614,5/30/2016,373.34,254.3,254.3,95
512464614,6/2/2016,252.63,254.3,254.3,66
512464614,6/18/2016,252.63,254.3,254.3,51
512464614,9/29/2016,258.68,266.81,266.81,139
512464614,10/6/2016,258.68,266.81,266.81,124
512464614,10/9/2016,258.68,266.81,266.81,110
512464614,10/11/2016,765.74,266.81,266.81,95
512464614,10/13/2016,765.74,266.81,266.81,29
512464614,2/20/2017,265.03,279.93,362.45,124
512464614,2/26/2017,257.72,293.71,362.45,124
512464614,3/11/2017,271.7,293.71,293.7,95
512464614,3/15/2017,271.7,293.71,293.7,80
512464614,3/19/2017,691.03,293.71,293.7,58
512464614,3/25/2017,271.7,293.71,293.7,58
512464614,4/9/2017,411.47,293.71,293.7,51
512464614,4/20/2017,271.7,293.71,293.7,0
512464614,5/21/2017,425.5,308.2,308.2,22
512464614,7/2/2017,440.21,323.41,354.32,22
512464614,9/25/2017,293.79,339.37,339.37,29
512464614,10/1/2017,293.79,339.37,339.37,29
512464615,2/14/2016,343.46,442.04,442.03,154
512464615,2/19/2016,343.46,442.04,442.03,146
512464615,5/4/2016,343.46,442.04,442.03,95
512464615,6/25/2016,343.46,442.04,442.03,80
512464615,7/14/2016,254.9,442.04,442.03,73
512464615,9/5/2016,337.65,430.04,442.03,58
512464615,9/25/2016,343.46,442.04,371.25,51
512464615,9/18/2017,1158.92,358.59,358.59,36
512464617,3/8/2016,321.39,396.43,385.03,213
512464617,5/12/2016,321.39,396.43,396.42,80
512464617,11/17/2016,476.66,361.09,326.86,88
512464619,1/29/2016,246.8,242.25,247.28,66
512464619,8/21/2016,248.28,245.3,245.3,58
512464622,1/30/2016,240.14,228.47,228.46,286
512464622,8/13/2016,257.58,264.52,264.52,279
512464622,8/21/2016,257.58,264.52,264.52,271
512464624,7/16/2016,551.4,46.07,45.56,301
512464624,7/26/2016,151.9,46.07,36.71,220
512464638,5/9/2016,316.84,387.02,375.88,110
512464638,7/28/2016,316.84,387.02,375.88,102
512464638,8/18/2016,280.01,310.9,299.15,102
512464638,11/19/2016,298.59,349.29,349.28,95
512464638,7/15/2017,465.25,349.29,349.28,73
512464638,7/20/2017,465.25,349.29,349.28,66
512464638,7/29/2017,465.25,349.29,349.28,58
512464638,10/18/2017,298.59,349.29,349.28,51
512464642,3/26/2016,157.23,57.1,57.1,293
512464642,4/2/2016,182.55,57.1,57.1,286
512464642,4/6/2016,157.23,57.1,57.1,257
512464642,4/9/2016,207.86,57.1,57.1,227
512464642,4/15/2016,273.17,53.44,57.1,220
512464642,4/19/2016,179,53.44,57.1,132
512464642,4/22/2016,181.02,55.53,57.1,154
512464642,4/25/2016,156.47,55.53,57.1,146
512464642,5/1/2016,181.02,55.53,61.98,139
512464642,8/2/2016,158.51,59.75,59.74,58
512464642,9/7/2016,211.7,59.75,59.74,36
512464642,10/2/2016,158.51,59.75,59.74,374
512464642,10/6/2016,158.51,59.75,59.74,235
512464642,11/4/2016,159.6,61.99,61.98,110
512464642,12/30/2016,261.41,38.24,46.83,110
512464642,1/11/2017,246.43,38.6,38.59,0
512464642,1/30/2017,246.43,38.6,38.59,0
512464642,3/4/2017,310.91,61.99,61.98,198
512464642,3/28/2017,159.6,61.99,61.98,213
512464642,3/29/2017,212.19,61.99,61.98,183
512464642,4/1/2017,159.6,61.99,61.98,176
512464642,4/20/2017,214.95,61.99,61.98,154
512464642,4/27/2017,596.02,61.99,61.98,0
512464642,5/12/2017,157.73,58.12,58.12,73
512464642,5/21/2017,187.27,61.99,61.98,58
512464642,6/12/2017,159.6,61.99,61.98,36
512464642,6/18/2017,159.6,61.99,61.98,36
512464642,8/8/2017,179.15,53.6,53.59,66
512464642,8/11/2017,216.05,49.88,47.79,22
512464642,8/12/2017,152.95,48.26,47.79,14
512464642,8/20/2017,156.57,55.73,55.73,58
512464642,9/20/2017,156.57,55.73,55.73,44
512464642,10/6/2017,177.31,38.14,34.88,36
512464642,10/14/2017,153.57,27.15,24,29
512464642,10/26/2017,164.39,27.15,27.15,14
512464642,10/31/2017,153.57,27.15,27.15,0
512464658,1/29/2016,153.76,49.93,51.3,
512464658,7/17/2016,159.13,32.9,32.9,374
512464659,4/4/2016,249.66,248.15,248.14,198
512464659,6/10/2016,249.66,248.15,248.14,
512464659,8/4/2016,369.26,248.15,248.14,124
512464659,8/22/2016,369.26,250.08,248.14,139
512464659,11/6/2016,381.17,262.39,262.38,110
512464659,12/8/2016,244.07,236.61,236.6,102
512464659,2/21/2017,246.11,240.83,240.82,73
512464659,6/24/2017,247.79,244.28,244.28,36
512464659,7/21/2017,247.79,244.28,244.28,29
512464659,10/2/2017,247.79,244.28,244.28,29
512464659,10/4/2017,479.52,244.28,244.28,0
512464659,10/23/2017,248.75,246.27,246.26,44
512464661,5/12/2016,372.95,253.89,253.89,330
512464661,6/10/2016,252.44,253.89,253.89,315
512464661,6/12/2016,252.44,253.89,253.89,301
512464661,8/22/2016,372.95,253.89,253.89,301
512464661,9/17/2016,250.2,249.27,249.26,286
512464661,11/6/2016,246.48,241.59,237.21,271
512464661,12/15/2016,244.07,236.61,238.48,271
512464661,2/21/2017,246.7,242.05,235.13,235
512464661,6/13/2017,246.7,242.05,242.04,146
512464661,6/24/2017,246.7,242.05,242.04,146
512464661,7/21/2017,228.77,204.98,204.97,117
512464661,8/8/2017,228.77,204.98,204.97,102
512464661,8/20/2017,228.77,204.98,204.97,88
512464661,10/4/2017,455.02,227.4,225.41,51
512464661,10/23/2017,239.62,227.4,227.4,58
512464662,4/15/2016,162.45,67.88,67.88,315
512464665,1/19/2016,234.23,216.27,216.26,191
512464665,4/15/2016,234.23,216.27,216.26,183
512464665,4/16/2016,234.23,216.27,216.26,183
512464665,5/2/2016,234.23,216.27,216.26,176
512464665,5/4/2016,234.23,216.27,216.26,161
512464665,5/14/2016,234.23,216.27,216.26,161
512464665,6/28/2016,438.85,216.27,216.26,154
512464665,10/5/2016,336.54,216.27,216.26,117
512464665,10/12/2016,643.48,216.27,216.26,102
512464665,10/13/2016,643.48,216.27,216.26,102
512464665,12/9/2016,336.54,216.27,216.26,73
512464665,12/18/2016,336.54,216.27,216.26,73
512464665,1/9/2017,234.23,216.27,216.26,66
512464665,2/7/2017,734.37,216.27,216.26,330
512464665,4/13/2017,231.45,210.52,210.51,367
512464665,6/24/2017,127,215.25,215.24,374
512464665,7/2/2017,226.36,215.25,215.24,367
512464665,7/16/2017,233.74,215.25,215.24,367
512464665,8/27/2017,422.64,215.25,215.24,352
512464665,9/2/2017,233.74,215.25,215.24,352
512464665,10/14/2017,230.05,215.25,215.24,352
512464665,10/15/2017,219.52,215.25,215.24,345
512464666,2/14/2016,234.87,217.59,217.58,102
512464666,3/10/2016,234.87,217.59,223.74,95
512464666,4/11/2016,234.87,217.59,217.58,95
512464666,5/24/2016,955.53,217.59,223.74,88
512464666,6/8/2016,234.87,217.59,217.58,58
512464666,6/16/2016,234.87,217.59,217.58,58
512464666,6/28/2016,440.77,217.59,217.58,51
512464666,7/19/2016,234.87,217.59,217.58,44
512464666,7/28/2016,234.87,217.59,217.58,36
512464666,8/13/2016,234.87,217.59,217.58,124
512464666,9/7/2016,337.82,217.59,217.58,117
512464666,9/27/2016,337.82,217.59,217.58,110
512464666,10/5/2016,337.82,217.59,217.58,102
512464666,10/12/2016,646.68,217.59,217.58,95
512464666,10/13/2016,749.63,217.59,217.58,95
512464666,10/24/2016,234.87,217.59,217.58,73
512464666,11/23/2016,234.87,217.59,217.58,73
512464666,1/9/2017,646.68,217.59,217.58,66
512464666,1/19/2017,440.77,217.59,217.58,51
512464666,2/7/2017,536.1,217.59,217.58,0
512464666,10/4/2017,299.54,178.03,228.46,36
512464666,10/14/2017,292.16,178.03,178.02,29
512464666,10/15/2017,358.24,178.03,178.02,0
512464667,1/21/2016,317.16,68.6,66.86,102
512464667,3/2/2016,193.12,68.04,68.03,257
512464667,3/6/2016,162.52,68.04,68.03,235
512464667,3/16/2016,162.52,68.04,68.03,176
512464667,4/9/2016,195.98,70.99,68.03,66
512464667,4/24/2016,226.46,69.92,69.91,36
512464667,5/10/2016,163.43,69.92,69.91,154
512464667,5/17/2016,163.95,70.99,69.91,124
512464667,6/19/2016,260.04,70.99,125.04,168
512464667,6/20/2016,324.1,70.99,125.04,139
512464667,6/28/2016,260.04,70.99,70.98,110
512464667,7/12/2016,163.95,70.99,70.98,374
512464667,9/8/2016,260.04,70.99,125.04,374
512464667,9/15/2016,233.91,75.05,125.04,374
512464667,10/9/2016,165.92,75.05,75.05,374
512464667,10/12/2016,369.9,75.05,75.05,367
512464667,11/2/2016,165.92,75.05,75.05,198
512464667,11/8/2016,199.91,75.05,75.05,191
512464667,12/22/2016,167.64,78.61,121.07,271
512464667,12/27/2016,346.24,78.61,121.07,242
512464667,12/29/2016,203.36,78.61,78.61,176
512464667,1/9/2017,228.01,78.61,78.61,198
512464667,3/15/2017,367.22,78.61,78.61,110
512464667,3/30/2017,166.98,78.61,78.61,80
512464667,4/5/2017,167.64,78.61,78.61,44
512464667,4/6/2017,203.36,78.61,78.61,22
512464667,4/12/2017,239.08,78.61,78.61,14
512464667,4/14/2017,169.44,78.61,104.03,0
512464667,4/28/2017,205.84,86.24,110.14,235
512464667,5/6/2017,171.33,86.24,86.24,213
512464667,5/23/2017,210.74,86.24,86.24,198
512464667,6/10/2017,171.33,86.24,86.24,205
512464667,6/19/2017,242.77,86.24,86.24,132
512464667,6/28/2017,368.38,86.24,86.24,88
512464667,7/9/2017,210.74,86.24,86.24,73
512464667,7/10/2017,210.74,86.24,86.24,29
512464667,8/2/2017,200.92,86.24,86.24,359
512464667,8/8/2017,210.74,86.24,86.24,359
512464667,8/26/2017,1422.85,86.24,86.24,0
512464667,9/4/2017,241.39,90.36,125.04,14
512464667,9/14/2017,173.32,90.36,90.36,146
512464667,9/20/2017,173.32,90.36,90.36,117
512464667,9/24/2017,207.37,90.36,90.36,102
512464667,9/29/2017,904.36,90.36,90.36,29
512464667,10/3/2017,214.72,90.36,90.36,132
512464667,10/9/2017,173.32,90.36,90.36,132
512464667,10/13/2017,497.25,90.36,90.36,117
512464667,10/31/2017,214.72,90.36,90.36,168
512464667,11/3/2017,241.39,90.36,90.36,124
512464667,11/28/2017,618.11,90.36,90.36,0
512464669,3/6/2016,185.99,60.66,60.66,271
512464669,3/13/2016,158.96,60.66,60.66,264
512464669,3/22/2016,348.2,60.66,60.66,264
512464669,4/2/2016,213.03,60.66,60.66,235
512464669,4/6/2016,185.99,60.66,60.66,176
512464669,6/11/2016,240.06,60.66,81,36
512464669,6/27/2016,564.49,60.66,81,374
512464669,9/18/2016,245.47,63.46,63.46,271
512464669,10/5/2016,188.7,63.46,63.46,146
512464669,10/30/2016,188.7,63.46,63.46,73
512464669,11/5/2016,444.19,63.46,63.46,88
512464669,11/10/2016,191.55,66.41,81,0
512464669,12/4/2016,852.18,69.51,81,293
512464669,1/22/2017,163.88,70.83,70.83,242
512464669,2/16/2017,377.72,70.83,68.29,0
512464669,4/8/2017,193.37,68.29,68.08,359
512464669,4/28/2017,193.37,68.29,68.08,359
512464669,5/2/2017,186.02,68.29,68.08,345
512464669,6/1/2017,162.15,67.27,67.27,
512464669,6/12/2017,162.15,67.27,67.27,330
512464669,6/13/2017,252.85,67.27,67.27,257
512464669,8/1/2017,165.47,74.14,124.37,0
512464669,8/12/2017,165.47,74.14,74.13,44
512464669,9/4/2017,469.7,77.65,96.05,139
512464669,9/13/2017,167.17,77.65,96.05,132
512464669,10/24/2017,254.45,75.72,75.71,51
512464669,11/4/2017,254.45,75.72,75.71,183
512464671,4/6/2016,243.95,120.57,120.56,271
512464671,6/11/2016,355.98,120.57,120.56,117
512464671,8/18/2016,187.93,120.57,120.56,374
512537435,2/10/2016,193.37,68.29,68.29,374
512537435,3/13/2016,193.37,68.29,68.29,374
512537435,3/16/2016,193.37,68.29,68.29,359
512537435,4/17/2016,162.65,68.29,68.29,374
512537435,8/13/2016,193.37,68.29,68.29,44
512537435,8/15/2016,162.65,68.29,68.29,29
512537435,9/12/2016,164.2,71.5,73.98,257
512537435,10/5/2016,198.88,73.99,73.98,235
512537435,10/11/2016,198.88,73.99,73.98,220
512537435,10/14/2016,198.88,73.99,73.98,213
512537435,10/20/2016,165.4,73.99,73.98,205
512537435,12/5/2016,167.1,77.5,77.49,183
512537435,12/15/2016,237.45,77.5,77.49,176
512537435,1/28/2017,167.1,77.5,77.49,132
512537435,2/4/2017,202.28,77.5,77.49,95
512537435,2/11/2017,194.9,77.5,77.49,88
512537435,2/21/2017,194.9,77.5,77.49,73
512537435,2/23/2017,167.1,77.5,77.49,66
512537435,5/26/2017,163.43,77.5,77.49,124
512537435,5/28/2017,167.1,77.5,77.49,117
512537435,8/28/2017,154.63,59.29,62.95,0
515375086,1/22/2016,201.64,76.83,76.83,242
515375086,4/5/2016,829.08,76.83,76.83,374
515375086,5/13/2016,550.22,76.83,76.83,374
515375086,6/7/2016,410.79,76.83,76.83,374
515375086,7/12/2016,410.79,76.83,76.83,271
515375086,8/13/2016,201.64,76.83,76.83,88
515375086,8/17/2016,410.79,76.83,76.83,66
515375086,8/25/2016,341.07,76.83,76.83,51
515375086,9/14/2016,201.64,76.83,76.83,73
515375086,10/3/2016,410.79,76.83,76.83,66
515375086,12/1/2016,314.94,80.44,101.64,0
515375086,2/9/2017,489.7,66.41,66.41,286
515375086,4/5/2017,400.26,66.41,42.3,308
515375086,4/21/2017,493.86,69.66,29.69,227
515375086,6/8/2017,343.87,77.8,77.8,51
515375086,7/22/2017,167.25,77.8,77.8,367
515375086,9/17/2017,258.49,77.8,77.8,345
515375086,9/23/2017,293.81,77.8,77.8,337
515375086,11/9/2017,538.44,77.34,73.73,286
515375095,2/21/2016,271.94,77.14,77.44,249
515375095,3/17/2016,551.99,77.14,77.13,
515375095,4/2/2016,166.93,77.14,77.13,36
515375095,6/12/2016,341.95,77.14,77.13,301
515375095,6/16/2016,201.93,77.14,77.13,279
515375095,6/28/2016,201.93,77.14,77.13,271
515375095,7/2/2016,166.93,77.14,77.13,139
515375095,7/13/2016,797.03,77.14,77.13,146
515375095,9/7/2016,166.93,77.14,77.13,139
515375095,10/8/2016,166.93,77.14,77.13,139
515375095,10/14/2016,201.93,77.14,77.13,132
515375095,12/13/2016,202.23,77.44,77.44,0
515375095,12/15/2016,448.3,77.44,77.44,80
515375095,12/22/2016,307.69,77.44,77.44,58
515375095,1/17/2017,202.23,77.44,77.44,374
515375095,1/21/2017,167.07,77.44,77.44,374
515375095,2/2/2017,202.23,77.44,77.44,359
515375095,2/7/2017,271.43,75.16,77.44,345
515375095,2/16/2017,167.07,77.44,77.44,367
515375095,2/17/2017,167.07,77.44,77.44,359
515375095,2/21/2017,167.07,77.44,77.44,367
515375095,3/1/2017,202.23,77.44,77.44,359
515375095,3/21/2017,167.07,77.44,77.44,367
515375095,3/27/2017,196.15,77.44,77.44,359
515375095,3/28/2017,202.23,77.44,77.44,345
515375095,3/30/2017,200.58,77.44,77.44,330
515375095,4/28/2017,167.07,77.44,77.44,367
515375095,6/14/2017,160.31,70.38,67.12,367
515375095,8/2/2017,177.68,57.16,57.15,359
515375095,8/10/2017,117.18,57.16,57.15,330
515375095,8/15/2017,247.69,58.73,57.15,337
515375095,8/19/2017,198.76,58.73,58.73,352
515375095,9/7/2017,378.19,58.73,58.73,301
515375095,9/21/2017,158.02,58.73,58.73,367
515375095,9/26/2017,117.18,58.73,58.73,323
515375095,10/4/2017,158.02,58.73,58.73,367
515375095,10/18/2017,158.02,58.73,58.73,367
515375098,2/10/2016,194.16,69.11,113.44,80
515375098,3/2/2016,163.04,69.11,69.1,73
515375098,7/8/2016,163.04,69.11,69.1,374
515375098,9/2/2016,256.4,69.11,113.44,374
515375098,10/23/2016,287.52,69.11,115.32,337
515375098,11/27/2016,194.16,69.11,69.1,235
515375098,12/7/2016,163.04,69.11,69.1,227
515375098,12/8/2016,163.04,69.11,69.1,227
515375098,12/12/2016,225.28,69.11,69.1,205
515375098,4/13/2017,191.65,66.51,30.96,183
515375098,5/5/2017,161.78,66.51,66.51,191
515375098,8/13/2017,164.61,72.36,97.78,161
515375098,12/5/2017,163.33,75.77,75.76,95
515375102,1/22/2016,168.08,42.15,26.89,51
515375102,5/17/2016,150,42.15,26.89,279
515375102,5/27/2016,186.16,42.15,26.89,191
515375102,6/1/2016,403.14,42.15,26.89,154
515375102,9/26/2016,152.04,25.58,23.64,51
515375102,11/18/2016,152.04,25.58,20.89,44
515375102,12/27/2016,209.41,27.66,20.08,58
515375102,2/11/2017,176.2,27.66,27.66,0
515375102,5/16/2017,142.99,27.66,27.66,249
515375102,6/8/2017,399.42,27.66,27.66,0
515375102,8/10/2017,220.31,27.66,27.66,51
515375111,3/11/2016,255.9,68.85,68.85,51
515375111,4/12/2016,193.91,68.85,68.85,286
515375111,5/5/2016,162.92,68.85,68.85,279
515375111,5/11/2016,193.91,68.85,68.85,264
515375111,6/7/2016,162.92,68.85,68.85,264
515375111,8/22/2017,162.3,67.58,67.57,139
515375111,9/30/2017,192.68,67.58,67.57,66
515375111,10/3/2017,269.09,67.58,67.57,0
515375112,6/25/2016,286.9,68.85,68.85,132
515375112,8/25/2016,255.46,47.34,68.85,110
515375112,10/7/2016,193.69,47.34,47.34,88
515375112,10/30/2016,193.69,47.34,70.83,80
515375112,11/7/2016,152.51,47.34,47.34,66
515375112,1/14/2017,155.27,53.04,51.61,44
515375112,4/18/2017,163.88,70.83,70.83,29
515375112,7/12/2017,163.88,70.83,70.83,146
515375112,9/16/2017,188.45,70.83,70.83,95
515375112,10/12/2017,213.05,70.83,70.83,66
515375112,10/19/2017,483.38,70.83,70.83,0
515375114,2/1/2016,155.27,53.04,37.78,139
515375114,2/28/2017,149.48,41.09,19.72,168
515375114,4/22/2017,152.31,41.09,37.78,117
515375114,7/29/2017,150.37,42.92,69.35,95
515375114,10/3/2017,170.69,44.85,74.39,73
515375115,7/15/2016,175.95,95.8,95.8,44
515375117,8/15/2016,181.07,55.58,40.32,80
515375117,8/17/2016,181.07,55.58,40.32,58
515375117,11/10/2016,151.4,45.05,45.05,249
515375117,11/15/2016,170.89,45.05,45.05,227
515375117,1/4/2017,190.37,45.05,45.05,242
515375117,1/10/2017,151.99,45.05,45.05,205
515375117,2/8/2017,338.56,47.49,47.49,117
515375117,3/30/2017,193.91,47.49,47.49,168
515375117,4/11/2017,152.58,47.49,47.49,168
515375117,4/19/2017,131.92,47.49,47.49,154
515375117,4/20/2017,152.58,47.49,47.49,139
515375117,4/26/2017,152.58,47.49,47.49,139
515375117,5/2/2017,152.58,47.49,47.49,139
515375117,5/3/2017,255.9,47.49,47.49,66
515375117,5/9/2017,152.58,47.49,47.49,110
515375117,5/20/2017,173.25,47.49,47.49,102
515375117,5/25/2017,152.58,47.49,47.49,95
515375117,5/30/2017,323.82,47.49,47.49,22
515375117,7/13/2017,173.25,47.49,47.49,22
515375117,7/17/2017,163.43,47.49,47.49,22
515375117,7/20/2017,173.25,47.49,40.32,0
515375117,10/17/2017,166.31,40.32,40.32,352
515375117,12/2/2017,149.12,40.32,40.32,205
515375123,1/22/2016,167.79,41.85,41.84,95
515375123,2/4/2016,149.85,41.85,41.84,374
515375123,3/10/2016,149.85,41.85,41.84,374
515375123,3/29/2016,167.79,41.85,55.57,374
515375123,4/16/2016,244.83,43.68,55.63,374
515375123,5/26/2016,210.94,45.61,45.61,161
515375123,8/25/2016,210.94,45.61,45.61,374
515375123,11/1/2016,151.67,45.61,45.61,374
515375123,11/3/2016,151.67,45.61,45.61,367
515375123,1/12/2017,289.95,45.61,45.61,345
515375123,1/21/2017,289.95,45.61,45.61,315
515775847,3/2/2016,191.55,128.04,131.85,51
515775847,10/10/2016,251.48,87.16,28.73,36
515775847,2/18/2017,207.49,82.89,44.18,66
515775847,6/2/2017,171.77,87.16,68.95,66
515775847,9/29/2017,170.1,91.33,91.32,66
515775849,1/3/2017,218.88,184.53,184.53,95
515775849,3/28/2017,305.84,184.53,184.53,66
515775849,4/19/2017,218.88,184.53,184.53,51
515775849,4/21/2017,218.88,184.53,184.53,44
515775849,5/9/2017,215.22,184.53,184.53,44
515775872,9/22/2016,193.91,68.85,30.4,146
515775872,11/12/2017,204.88,80.19,80.19,36
515775872,11/24/2017,199.57,80.19,80.19,29
515775890,4/10/2017,186.14,116.85,116.85,66
515775890,8/7/2017,186.14,116.85,116.85,36
515775891,4/10/2017,173.17,90.06,79.12,36
515775891,6/30/2017,173.17,90.06,90.05,36
515775893,4/14/2016,193.94,132.97,132.97,88
515775893,7/26/2016,255.95,132.97,132.97,44
515775893,12/15/2016,195.86,136.94,136.93,110
515775893,1/10/2017,222.05,136.94,136.93,110
515775893,2/23/2017,195.86,136.94,136.93,88
515775894,4/23/2016,193.94,132.97,132.97,235
515775894,6/5/2016,193.94,132.97,124.07,227
515775894,7/26/2016,250.79,127.63,127.63,220
515775894,10/11/2016,173.17,90.06,90.05,198
515775894,12/15/2016,176.99,97.94,97.93,102
515775894,1/10/2017,176.99,97.94,97.93,36
515775897,11/1/2016,183.16,110.7,99.36,58
515775897,11/2/2016,183.16,110.7,99.36,51
515775898,1/25/2016,200.65,146.85,172.53,198
515775898,10/25/2016,191.16,127.23,119.29,95
515775898,11/23/2016,302.91,122.6,122.59,88
515775898,1/12/2017,184.61,113.7,113.7,80
515775898,3/16/2017,184.61,113.7,113.7,161
515775898,3/22/2017,190.94,113.7,146.39,154
515775898,3/23/2017,190.94,126.77,146.39,146
515775898,4/26/2017,489.85,133.38,133.37,95
515775898,6/21/2017,366.04,133.38,133.37,95
515775898,7/7/2017,194.13,133.38,133.37,88
515775898,7/31/2017,194.13,133.38,133.37,66
515775902,7/28/2016,220.46,187.79,187.78,58
515775902,10/9/2016,220.46,187.79,187.78,36
515775902,10/22/2016,220.46,187.79,187.78,36
515775904,11/12/2016,214.95,176.4,176.39,51
515775912,6/15/2017,184.2,116.65,122.49,88
515775920,6/30/2016,191.43,127.79,124.22,73
515775920,2/8/2017,189.34,123.46,120,29
515775920,5/28/2017,184.54,113.55,110.39,29
515775921,6/30/2016,191.43,127.79,124.22,36
515775927,4/15/2016,225.23,197.65,197.65,168
515775927,5/18/2016,1065,197.65,197.65,161
515775927,5/19/2016,971.76,197.65,197.65,161
515775927,9/19/2016,318.54,197.65,197.65,36
515775927,10/24/2016,318.54,197.65,192.06,36
515775927,10/25/2016,318.54,197.65,192.06,22
515775927,3/20/2017,211.65,184.84,184.83,264
515775927,4/10/2017,726.33,184.84,184.83,205
515775927,5/8/2017,472.06,184.84,184.83,183
515775927,6/30/2017,393.25,184.84,184.83,36
515775927,8/26/2017,215.36,184.84,184.83,29
515775927,9/3/2017,472.06,184.84,184.83,0
515775928,2/27/2016,219.82,186.47,192.06,51
515775928,5/18/2016,1010.88,186.47,186.46,168
515775928,5/19/2016,1802.01,186.47,186.46,168
515775928,6/4/2016,219.82,186.47,186.11,124
515775928,6/29/2016,307.71,186.47,186.46,124
515775928,7/21/2016,219.82,186.47,186.46,73
515775928,8/2/2016,219.82,186.47,186.46,36
515775928,9/19/2016,316.52,195.57,196.78,110
515775928,10/14/2016,224.22,195.57,195.56,51
515775928,10/24/2016,316.52,195.57,193.99,44
515775928,10/25/2016,316.52,195.57,196.78,29
515775928,11/6/2016,446.7,196.18,196.38,44
515775928,2/12/2017,224.76,196.69,196.68,345
515775928,3/20/2017,310.25,196.69,196.68,323
515775928,5/8/2017,439.2,167.86,214.68,257
515775928,6/13/2017,224.59,196.33,196.33,154
515775928,6/28/2017,395.19,196.33,196.33,139
515775928,8/26/2017,220.9,196.33,196.33,132
515775928,8/29/2017,224.59,196.33,196.33,117
515775928,9/3/2017,494.3,196.33,196.33,95
515775928,9/25/2017,302.52,196.33,196.33,88
515775928,10/15/2017,224.59,196.33,196.33,95
515775928,10/30/2017,217.21,196.33,196.33,73
515775929,3/9/2016,169.36,43.48,42.35,374
515775929,5/8/2016,158.19,31.93,31.93,308
515775929,5/31/2016,144.12,30,19.37,301
515775929,6/20/2016,168.52,30,18,205
515775929,7/28/2016,156.32,30,30,176
515775929,9/26/2016,156.05,21.41,20.18,102
515775929,10/16/2016,212.36,21.41,19.37,88
515775929,10/21/2016,164.1,21.41,20.44,51
515775929,10/31/2016,148.01,21.41,20.44,36
515775929,11/4/2016,148.01,21.41,20.44,22
515775929,11/27/2016,250.3,25.17,33.45,110
515775929,2/24/2017,151.65,25.17,19.93,29
515775929,5/3/2017,141.78,25.17,18.71,367
515775929,5/9/2017,191.11,25.17,25.17,330
515775929,6/2/2017,161.51,25.17,25.17,352
515775929,8/11/2017,142.45,26.54,42.35,301
515775929,9/7/2017,237.21,26.54,26.54,235
515775929,9/17/2017,152.98,26.54,26.54,257
515775929,10/16/2017,243.53,26.54,26.54,80
515775929,11/3/2017,180.46,26.54,26.54,102
515775929,12/3/2017,177.97,28.58,28.57,66
515775930,7/26/2016,170.25,44.39,44.39,293
515775930,7/27/2016,151.08,44.39,44.39,257
515775930,7/28/2016,170.25,44.39,44.39,242
515775930,8/8/2016,170.25,44.39,44.39,235
515775930,12/5/2016,172.17,46.38,46.37,374
515775930,3/18/2017,152.04,46.38,46.37,367
515775930,4/4/2017,192.29,46.38,46.37,352
515775930,4/11/2017,152.04,46.38,46.37,367
515775930,4/17/2017,166.29,46.38,46.37,359
515775930,5/19/2017,152.04,46.38,46.37,264
515775930,6/21/2017,192.29,46.38,46.37,198
515775930,6/22/2017,229.8,46.38,46.37,139
515775930,6/27/2017,216.45,48.46,64.68,132
515775930,7/21/2017,237.58,48.46,48.46,0
515775930,7/31/2017,172.61,50.65,72.66,0
515775930,10/7/2017,151.67,50.65,50.64,161
515775930,10/10/2017,176.3,50.65,50.64,117
515775930,10/30/2017,280.8,50.65,50.64,36
515775934,1/21/2016,177.92,99.87,99.86,183
515775934,4/21/2016,223.92,99.87,99.86,117
515775934,5/6/2016,180.23,104.65,112.93,110
515775934,6/8/2016,233.42,109.68,112.93,102
515775934,6/9/2016,233.42,109.68,112.93,66
515775934,9/3/2016,182.67,109.68,112.93,80
515775934,8/9/2017,228.72,114.97,124.22,146
515775934,9/4/2017,226.19,114.97,124.22,139
515775934,9/30/2017,182.74,109.84,109.83,88
515775935,4/23/2017,268.03,82.73,82.73,0
515775935,8/30/2017,474.01,78.67,78.66,0
515775943,2/6/2016,200.36,75.51,75.51,36
515775943,6/2/2016,337.23,75.51,125.24,198
515775943,7/6/2016,166.14,75.51,75.51,154
515775943,7/14/2016,200.36,75.51,75.51,
515775943,10/3/2016,200.36,75.51,75.51,124
515775943,10/10/2016,166.14,75.51,75.51,102
515775943,3/31/2017,311.62,79.07,66.56,14
515775943,5/3/2017,169.9,83.29,27.3,36
515775943,6/4/2017,171.82,87.26,125.24,36
515775943,7/6/2017,291.57,91.43,125.24,14
515775943,8/11/2017,173.84,91.43,125.24,0
515775944,2/6/2016,303.58,123.06,119.59,102
515775944,6/2/2016,436.76,83.55,100.22,95
515775944,6/14/2016,170.03,83.55,83.54,66
515775944,7/14/2016,208.13,83.55,83.54,36
515775944,10/3/2016,195.83,70.83,65.34,95
515775944,10/10/2016,163.88,70.83,65.34,73
515775944,3/31/2017,332.04,87.51,87.51,29
515775944,4/22/2017,170.2,83.9,77.19,58
515775944,5/3/2017,283.85,83.29,52.98,22
515775944,7/6/2017,275.9,83.29,83.29,0
515775944,8/11/2017,169.9,83.29,83.29,168
515775944,9/29/2017,170.27,91.68,91.68,168
515775952,4/18/2016,244.12,236.71,229.94,
515775952,4/6/2017,229.9,214.94,214.94,73
515775952,9/17/2017,324.24,211.18,211.18,66
515775952,9/21/2017,231.77,211.18,211.18,58
515775952,10/9/2017,215.26,177.06,177.05,29
515775953,4/18/2016,245.65,239.86,232.99,36
515775953,8/4/2016,359.37,239.86,239.85,0
515775953,4/6/2017,231.82,218.91,218.9,132
515775953,9/17/2017,334.4,221.66,221.65,102
515775953,11/26/2017,224.34,199.64,199.63,102
515775957,8/23/2017,631.45,1037.34,1037.34,29
515775958,11/19/2016,658.93,1094.14,1094.13,36
